customer_id,telecom_partner,gender,age,state,city,pincode,date_of_registration,num_dependents,estimated_salary,calls_made,sms_sent,data_used,churn
1,Vodafone,F,57,Tamil Nadu,Bangalore,858239,2020-01-01,3,22624,60,84,3112,0
2,Airtel,M,28,Tripura,Hyderabad,512961,2020-01-01,4,38884,131,11,589,0
3,BSNL,F,65,Tamil Nadu,Delhi,140327,2020-01-01,0,35078,37,37,7770,1
4,Vodafone,M,43,Mizoram,Hyderabad,786688,2020-01-01,1,85970,153,33,2342,0
5,Airtel,F,27,Mizoram,Kolkata,725641,2020-01-01,3,182971,59,73,4723,0
6,Airtel,M,22,Tripura,Hyderabad,764338,2020-01-01,4,28628,172,52,8868,0
7,Reliance Jio,M,71,Maharashtra,Chennai,883130,2020-01-01,4,111697,102,0,8495,0
8,Vodafone,M,39,Tamil Nadu,Mumbai,342973,2020-01-01,2,63964,190,66,8669,1
9,Vodafone,F,29,Mizoram,Mumbai,550643,2020-01-01,4,134241,96,93,7513,0
10,Airtel,M,59,Arunachal Pradesh,Bangalore,993355,2020-01-01,2,193072,41,72,1879,0
11,Airtel,F,34,Maharashtra,Mumbai,864181,2020-01-01,2,146146,141,24,3118,0
12,BSNL,F,49,Tamil Nadu,Hyderabad,408822,2020-01-01,3,42581,183,92,3710,0
13,Reliance Jio,F,40,Tripura,Bangalore,287027,2020-01-01,1,34079,7,20,9418,0
14,BSNL,M,29,Tamil Nadu,Hyderabad,277499,2020-01-01,1,36601,138,5,8273,0
15,Vodafone,M,74,Tripura,Mumbai,740204,2020-01-01,0,24132,42,41,8406,1
16,BSNL,M,61,Tripura,Delhi,246002,2020-01-01,4,42974,189,14,8453,0
17,Reliance Jio,F,73,Tamil Nadu,Kolkata,233260,2020-01-01,0,59990,140,14,6499,0
18,Reliance Jio,M,49,Maharashtra,Bangalore,157565,2020-01-01,4,55455,183,86,3783,1
19,Airtel,F,66,West Bengal,Mumbai,279021,2020-01-01,2,152802,127,60,6809,0
20,BSNL,F,21,Arunachal Pradesh,Chennai,349688,2020-01-01,3,31916,54,45,5191,0
21,BSNL,F,63,Delhi,Kolkata,741585,2020-01-01,2,179344,126,94,1236,1
22,Vodafone,M,43,Mizoram,Hyderabad,212300,2020-01-01,2,94367,45,4,2625,0
23,BSNL,F,32,Mizoram,Delhi,641983,2020-01-01,0,142153,121,95,8893,0
24,BSNL,M,65,Delhi,Mumbai,354492,2020-01-01,2,111942,192,11,9767,0
25,Vodafone,M,72,Maharashtra,Delhi,934973,2020-01-01,0,101107,82,62,6917,0
26,BSNL,M,57,Arunachal Pradesh,Hyderabad,898975,2020-01-01,2,159844,88,15,2454,0
27,BSNL,F,34,Karnataka,Chennai,879876,2020-01-01,3,57530,188,55,5512,0
28,Reliance Jio,M,56,Maharashtra,Kolkata,972160,2020-01-01,3,164369,49,19,112,0
29,Vodafone,M,28,Arunachal Pradesh,Hyderabad,159793,2020-01-01,3,141976,6,99,6126,0
30,Vodafone,M,55,Delhi,Chennai,741179,2020-01-01,2,36714,157,57,2185,0
31,BSNL,F,59,Mizoram,Mumbai,139219,2020-01-01,3,73554,197,67,4289,0
32,Reliance Jio,M,56,West Bengal,Hyderabad,687542,2020-01-01,3,92372,114,59,9702,0
33,Reliance Jio,M,23,Arunachal Pradesh,Mumbai,889532,2020-01-01,1,168886,129,20,6213,0
34,Reliance Jio,F,30,Maharashtra,Bangalore,160255,2020-01-01,2,43289,28,72,892,1
35,BSNL,M,75,Tamil Nadu,Kolkata,127313,2020-01-01,2,87222,97,11,7638,0
36,Airtel,M,50,Arunachal Pradesh,Kolkata,969163,2020-01-01,0,85789,51,92,7569,0
37,Reliance Jio,M,30,Tamil Nadu,Delhi,693216,2020-01-01,4,110416,108,93,576,0
38,Airtel,F,28,Maharashtra,Chennai,723934,2020-01-01,4,174220,26,69,2692,0
39,BSNL,M,35,Tripura,Mumbai,412173,2020-01-01,3,92482,133,94,4012,1
40,BSNL,M,44,Arunachal Pradesh,Bangalore,649706,2020-01-01,2,152873,122,9,7047,0
41,Airtel,F,62,West Bengal,Chennai,139426,2020-01-01,3,20979,172,51,9122,0
42,BSNL,F,20,Tamil Nadu,Delhi,760171,2020-01-01,1,194264,189,95,3104,0
43,Reliance Jio,F,48,Tripura,Chennai,504616,2020-01-01,0,97625,194,19,4836,0
44,Vodafone,M,55,West Bengal,Bangalore,588325,2020-01-01,3,116925,106,57,5043,0
45,Airtel,M,65,Mizoram,Bangalore,302640,2020-01-01,0,30227,109,4,8176,0
46,BSNL,F,25,Mizoram,Mumbai,922544,2020-01-01,2,48264,8,91,4299,0
47,Vodafone,F,52,Karnataka,Mumbai,892092,2020-01-01,3,76311,92,96,2822,0
48,Vodafone,F,49,Maharashtra,Kolkata,449111,2020-01-01,1,63159,90,76,7993,1
49,Airtel,F,46,Tamil Nadu,Delhi,600406,2020-01-01,1,195344,148,68,9295,0
50,Vodafone,F,70,West Bengal,Mumbai,825487,2020-01-01,1,67312,18,39,6394,0
51,Airtel,M,40,West Bengal,Bangalore,693006,2020-01-01,4,88424,89,16,136,0
52,Airtel,M,20,Karnataka,Kolkata,976688,2020-01-01,1,49009,49,47,6417,1
53,Airtel,M,25,Maharashtra,Delhi,470679,2020-01-01,2,178890,105,1,6317,0
54,Vodafone,F,76,Tripura,Kolkata,742334,2020-01-01,3,182039,115,57,8784,0
55,Reliance Jio,F,59,Maharashtra,Kolkata,793792,2020-01-01,1,68094,159,43,8897,0
56,Airtel,M,61,Tripura,Chennai,951981,2020-01-01,4,178369,79,41,5965,0
57,Vodafone,F,57,Mizoram,Kolkata,536560,2020-01-01,1,199247,198,91,5127,0
58,BSNL,F,66,Maharashtra,Hyderabad,654699,2020-01-01,4,57020,188,53,999,0
59,Vodafone,F,78,Karnataka,Delhi,148835,2020-01-01,2,153526,7,17,9555,0
60,Vodafone,F,73,West Bengal,Delhi,639410,2020-01-01,3,20446,100,17,4091,0
61,Airtel,M,71,Tamil Nadu,Kolkata,209660,2020-01-01,2,141727,16,24,664,0
62,Vodafone,F,73,Karnataka,Kolkata,334184,2020-01-01,2,145875,165,58,9869,0
63,BSNL,M,64,Karnataka,Bangalore,673939,2020-01-01,4,185544,167,86,703,0
64,Vodafone,M,73,Tamil Nadu,Mumbai,669334,2020-01-01,0,191235,163,76,1770,0
65,BSNL,F,79,Karnataka,Delhi,282848,2020-01-01,4,126941,144,23,5658,0
66,Airtel,F,52,Maharashtra,Bangalore,685978,2020-01-01,0,162438,144,24,2444,1
67,Airtel,M,31,Arunachal Pradesh,Mumbai,341780,2020-01-01,1,23008,162,70,7714,0
68,Vodafone,M,75,West Bengal,Chennai,581120,2020-01-01,2,197489,88,82,43,0
69,Vodafone,M,20,Tamil Nadu,Kolkata,300852,2020-01-01,0,174202,172,41,586,0
70,BSNL,M,46,Karnataka,Kolkata,799020,2020-01-01,2,185775,150,30,5519,0
71,BSNL,F,24,West Bengal,Bangalore,835534,2020-01-01,3,186916,193,18,9099,1
72,Reliance Jio,F,63,Tamil Nadu,Delhi,999779,2020-01-01,0,194499,61,16,6342,0
73,BSNL,F,68,Maharashtra,Kolkata,263272,2020-01-01,4,125503,198,18,7987,1
74,Vodafone,F,63,West Bengal,Kolkata,172177,2020-01-01,1,52358,62,59,9658,1
75,Airtel,M,23,West Bengal,Hyderabad,586134,2020-01-01,1,139563,153,32,5085,0
76,Reliance Jio,M,19,West Bengal,Mumbai,164773,2020-01-01,2,109671,61,71,928,0
77,Airtel,F,33,Karnataka,Hyderabad,199933,2020-01-01,2,132939,175,13,6641,0
78,Reliance Jio,F,22,Delhi,Hyderabad,920644,2020-01-01,0,194499,62,70,2624,0
79,Vodafone,F,44,Tamil Nadu,Mumbai,402053,2020-01-01,4,176298,88,39,-308,0
80,BSNL,F,22,Maharashtra,Kolkata,770439,2020-01-01,3,178246,41,32,5376,1
81,BSNL,M,71,Mizoram,Bangalore,659411,2020-01-01,0,47833,84,38,868,0
82,BSNL,M,62,Karnataka,Bangalore,108250,2020-01-01,3,150002,184,57,2809,0
83,Reliance Jio,M,53,Tripura,Bangalore,427262,2020-01-01,4,71205,81,41,9755,0
84,Reliance Jio,F,46,Arunachal Pradesh,Chennai,291800,2020-01-01,3,65790,79,27,9799,1
85,Reliance Jio,F,79,Delhi,Bangalore,131794,2020-01-01,3,99652,187,89,5016,0
86,BSNL,M,46,Tripura,Bangalore,642602,2020-01-01,1,106054,57,83,8180,0
87,Airtel,M,18,Maharashtra,Delhi,448102,2020-01-01,1,191235,91,87,422,0
88,Airtel,M,48,Karnataka,Mumbai,571505,2020-01-01,1,53042,23,86,782,0
89,Vodafone,F,32,Mizoram,Kolkata,981308,2020-01-01,3,109993,175,59,5072,0
90,Airtel,M,69,Delhi,Hyderabad,389052,2020-01-01,0,144646,192,52,1861,0
91,Reliance Jio,M,70,Delhi,Mumbai,654054,2020-01-01,2,33811,22,2,6846,0
92,Vodafone,F,28,Tamil Nadu,Bangalore,450307,2020-01-01,4,120151,108,33,9730,0
93,Vodafone,M,25,Arunachal Pradesh,Bangalore,151190,2020-01-01,1,93459,20,68,6308,0
94,Airtel,F,71,Karnataka,Delhi,834803,2020-01-01,2,78396,31,78,4906,0
95,Vodafone,M,58,Mizoram,Kolkata,813044,2020-01-01,4,146422,33,6,1593,0
96,Vodafone,F,33,Tripura,Delhi,415592,2020-01-01,3,95511,43,72,2350,0
97,Vodafone,M,62,Tripura,Delhi,318776,2020-01-01,1,44490,61,44,2143,0
98,Reliance Jio,M,54,Karnataka,Bangalore,804558,2020-01-01,2,139283,179,43,2093,0
99,Vodafone,F,72,Tamil Nadu,Hyderabad,584349,2020-01-01,1,96026,168,78,-143,0
100,Vodafone,F,42,Tripura,Kolkata,845693,2020-01-01,0,124976,175,9,8659,0
101,BSNL,F,46,Tripura,Mumbai,182868,2020-01-01,3,157433,94,85,1156,1
102,BSNL,F,25,Tripura,Delhi,959140,2020-01-01,0,164242,155,77,9718,0
103,BSNL,F,23,West Bengal,Delhi,765900,2020-01-01,2,21074,2,85,6608,0
104,BSNL,F,74,Arunachal Pradesh,Hyderabad,427577,2020-01-01,0,158595,38,19,5128,0
105,BSNL,M,30,Tamil Nadu,Bangalore,592861,2020-01-01,4,77441,37,36,8781,0
106,BSNL,F,63,Delhi,Mumbai,488540,2020-01-01,1,125904,131,42,5656,1
107,Airtel,F,21,Tamil Nadu,Bangalore,158270,2020-01-01,3,182458,161,65,181,0
108,Reliance Jio,F,26,Tripura,Bangalore,106282,2020-01-01,3,167485,22,13,1142,1
109,Airtel,M,77,West Bengal,Chennai,932720,2020-01-01,1,36885,34,11,8682,0
110,Airtel,F,53,Mizoram,Kolkata,984807,2020-01-01,3,177257,24,67,3685,1
111,Airtel,M,37,Delhi,Hyderabad,754839,2020-01-01,2,162611,106,74,658,0
112,Reliance Jio,F,18,Arunachal Pradesh,Kolkata,778222,2020-01-01,3,175672,127,36,4433,0
113,Reliance Jio,M,26,Delhi,Kolkata,444973,2020-01-01,2,38794,114,86,7251,1
114,Reliance Jio,F,60,Tripura,Kolkata,808627,2020-01-01,1,56175,95,48,9333,0
115,Airtel,F,39,Mizoram,Delhi,802742,2020-01-01,1,78321,73,83,3919,1
116,BSNL,F,24,Tripura,Hyderabad,111338,2020-01-01,4,160577,53,10,7751,0
117,BSNL,M,39,Tamil Nadu,Bangalore,827515,2020-01-01,2,190803,10,21,8017,0
118,Airtel,M,38,Maharashtra,Chennai,647374,2020-01-01,0,189083,65,64,4500,1
119,Vodafone,F,51,Tamil Nadu,Hyderabad,743004,2020-01-01,0,92539,13,38,9484,0
120,Reliance Jio,M,64,Tripura,Delhi,216418,2020-01-01,3,140287,87,79,8521,0
121,Vodafone,M,37,Mizoram,Hyderabad,692736,2020-01-01,2,108164,175,68,8550,0
122,Airtel,F,54,Tamil Nadu,Chennai,883663,2020-01-01,0,186610,33,25,7795,0
123,Airtel,F,52,Maharashtra,Mumbai,615609,2020-01-01,2,179020,168,72,4153,0
124,BSNL,F,58,West Bengal,Bangalore,173467,2020-01-01,1,39157,192,78,7806,1
125,Vodafone,F,47,Delhi,Mumbai,695101,2020-01-01,2,155361,64,9,1849,0
126,BSNL,M,69,Arunachal Pradesh,Mumbai,643665,2020-01-01,4,158106,125,75,8600,0
127,Vodafone,M,46,Tripura,Hyderabad,545321,2020-01-01,4,192062,161,67,5291,0
128,Airtel,M,23,Delhi,Kolkata,941393,2020-01-01,2,73766,135,13,1185,0
129,BSNL,M,29,West Bengal,Mumbai,435835,2020-01-01,0,97066,194,23,801,0
130,Vodafone,M,33,Mizoram,Bangalore,610361,2020-01-01,3,105637,177,88,8777,0
131,Vodafone,M,19,Maharashtra,Bangalore,721934,2020-01-01,3,132728,12,4,948,0
132,Vodafone,F,66,Arunachal Pradesh,Hyderabad,820590,2020-01-01,0,44933,89,19,1872,0
133,Reliance Jio,F,34,West Bengal,Kolkata,381766,2020-01-01,0,199256,149,60,3574,0
134,Reliance Jio,M,54,Tripura,Delhi,685482,2020-01-01,4,172432,14,92,-221,0
135,Airtel,M,34,Arunachal Pradesh,Hyderabad,892993,2020-01-01,4,130961,110,63,9963,1
136,Airtel,F,63,Delhi,Chennai,153169,2020-01-01,0,82602,63,22,5381,1
137,Reliance Jio,M,38,Arunachal Pradesh,Chennai,155623,2020-01-01,3,190679,28,28,8047,0
138,Vodafone,F,23,Tamil Nadu,Kolkata,681376,2020-01-01,3,168709,146,53,5744,0
139,Reliance Jio,M,63,West Bengal,Hyderabad,471660,2020-01-01,4,99480,160,19,8577,0
140,Vodafone,M,20,Tamil Nadu,Chennai,658604,2020-01-01,1,77246,146,68,5260,1
141,BSNL,F,66,Tamil Nadu,Bangalore,882965,2020-01-01,0,105299,121,9,1547,0
142,Reliance Jio,M,28,Tripura,Bangalore,763884,2020-01-01,1,120571,24,1,3939,0
143,Vodafone,F,68,Delhi,Hyderabad,178616,2020-01-01,2,197530,5,48,75,0
144,Vodafone,F,64,Karnataka,Kolkata,229637,2020-01-01,1,198537,94,92,4905,1
145,Reliance Jio,M,32,Tamil Nadu,Chennai,704730,2020-01-01,3,55092,7,68,1941,0
146,Vodafone,F,64,Tripura,Kolkata,821046,2020-01-01,3,173363,86,13,1924,0
147,Vodafone,M,62,West Bengal,Delhi,881926,2020-01-01,4,112731,37,82,4962,0
148,BSNL,F,76,Arunachal Pradesh,Hyderabad,746119,2020-01-01,1,45646,54,90,-123,1
149,BSNL,F,44,Karnataka,Bangalore,167097,2020-01-01,3,135274,120,24,5904,0
150,Reliance Jio,M,68,Mizoram,Mumbai,707918,2020-01-01,2,192721,80,46,4112,0
151,Reliance Jio,M,76,West Bengal,Mumbai,560334,2020-01-01,0,190114,167,98,4548,0
152,Airtel,F,77,Karnataka,Mumbai,456118,2020-01-01,1,133567,77,13,1573,0
153,BSNL,M,76,Tripura,Hyderabad,959030,2020-01-01,1,162087,103,41,8663,0
154,Reliance Jio,F,37,West Bengal,Mumbai,438109,2020-01-01,1,181514,165,36,9167,0
155,Vodafone,F,66,Tripura,Mumbai,738215,2020-01-01,2,141481,167,39,7213,0
156,Vodafone,M,39,Arunachal Pradesh,Bangalore,295214,2020-01-01,3,119560,39,21,7799,1
157,Airtel,M,63,Karnataka,Kolkata,945234,2020-01-01,1,124614,97,43,-411,0
158,Vodafone,F,20,Delhi,Bangalore,215031,2020-01-01,0,63475,39,92,7754,1
159,BSNL,F,52,Mizoram,Chennai,864911,2020-01-01,1,163322,59,21,-73,0
160,Vodafone,M,20,Karnataka,Kolkata,179894,2020-01-01,3,56788,100,14,8634,1
161,Vodafone,M,28,Mizoram,Chennai,183459,2020-01-01,2,199639,192,44,1510,0
162,Reliance Jio,M,77,West Bengal,Hyderabad,595166,2020-01-01,1,80709,178,42,8240,0
163,Airtel,M,59,Karnataka,Hyderabad,196173,2020-01-01,0,138282,197,34,8298,0
164,BSNL,M,77,West Bengal,Delhi,449624,2020-01-01,2,75939,177,51,-378,0
165,BSNL,M,19,Maharashtra,Delhi,209951,2020-01-01,1,176503,43,55,6619,0
166,Vodafone,M,24,Maharashtra,Bangalore,986312,2020-01-01,0,97427,192,17,7959,0
167,Reliance Jio,M,41,Tripura,Chennai,874855,2020-01-01,0,117398,109,79,4849,0
168,Vodafone,M,71,Arunachal Pradesh,Mumbai,776543,2020-01-01,0,150699,196,60,7054,0
169,BSNL,F,75,West Bengal,Chennai,293222,2020-01-01,2,107679,140,68,1155,0
170,Vodafone,F,61,Karnataka,Chennai,193893,2020-01-01,0,47239,84,27,-439,0
171,Reliance Jio,M,40,Tamil Nadu,Hyderabad,106202,2020-01-01,1,56952,155,13,9377,0
172,Reliance Jio,F,79,Arunachal Pradesh,Delhi,302141,2020-01-01,3,166597,175,85,9123,0
173,Reliance Jio,M,68,Tripura,Chennai,956229,2020-01-01,2,185135,178,57,4979,1
174,Reliance Jio,M,74,Tamil Nadu,Hyderabad,473183,2020-01-01,0,154388,177,45,7045,0
175,Airtel,M,18,Tamil Nadu,Delhi,945831,2020-01-01,0,70453,122,2,1501,0
176,Reliance Jio,F,41,Arunachal Pradesh,Hyderabad,289400,2020-01-01,2,156685,196,64,1071,0
177,Reliance Jio,M,44,Arunachal Pradesh,Bangalore,426212,2020-01-01,3,90118,114,13,4639,0
178,Reliance Jio,M,58,Karnataka,Mumbai,369535,2020-01-01,3,137599,1,74,2392,0
179,BSNL,M,60,Mizoram,Kolkata,962592,2020-01-01,2,79497,156,0,-91,0
180,BSNL,M,45,Delhi,Delhi,334817,2020-01-01,2,103552,138,39,8019,0
181,Reliance Jio,F,21,Maharashtra,Hyderabad,500053,2020-01-01,2,120204,34,96,772,0
182,BSNL,M,64,Tamil Nadu,Chennai,239254,2020-01-01,3,51215,4,13,-465,0
183,Vodafone,M,61,Tripura,Kolkata,332127,2020-01-01,0,134291,120,11,5947,0
184,Airtel,M,73,Mizoram,Mumbai,317795,2020-01-01,1,135376,161,12,3770,0
185,Airtel,M,18,West Bengal,Delhi,214826,2020-01-01,4,59629,98,70,9212,1
186,BSNL,M,37,West Bengal,Chennai,820617,2020-01-01,0,100124,19,95,-108,1
187,Vodafone,F,52,Karnataka,Bangalore,301221,2020-01-01,2,184727,114,66,6885,0
188,BSNL,M,25,Karnataka,Hyderabad,811640,2020-01-01,3,29265,183,4,2012,0
189,Airtel,M,43,Arunachal Pradesh,Kolkata,500104,2020-01-01,0,125853,17,64,8749,0
190,Vodafone,F,30,Tripura,Chennai,164917,2020-01-01,2,93373,26,53,1244,1
191,Vodafone,F,71,Delhi,Kolkata,597427,2020-01-01,0,118443,197,44,466,0
192,Airtel,M,51,Arunachal Pradesh,Mumbai,568728,2020-01-01,4,36593,140,36,4432,0
193,BSNL,M,35,Arunachal Pradesh,Chennai,201192,2020-01-01,4,123093,77,35,-198,0
194,BSNL,F,53,Arunachal Pradesh,Chennai,503206,2020-01-01,4,145432,46,9,4390,1
195,Vodafone,M,56,Mizoram,Mumbai,403595,2020-01-01,0,132881,165,3,6517,0
196,BSNL,F,68,Tripura,Kolkata,258842,2020-01-01,2,109292,46,94,6785,0
197,Airtel,M,46,Karnataka,Kolkata,108897,2020-01-01,0,195177,4,60,53,0
198,Airtel,F,73,Maharashtra,Mumbai,336316,2020-01-01,2,104091,22,25,2323,0
199,Airtel,M,55,Mizoram,Chennai,529256,2020-01-01,4,62737,164,92,4548,0
200,BSNL,F,65,Delhi,Kolkata,318333,2020-01-01,1,91843,191,20,5067,0
201,Airtel,M,34,Karnataka,Bangalore,817559,2020-01-01,3,160062,27,28,-315,0
202,BSNL,M,48,Tripura,Delhi,697945,2020-01-01,3,57046,141,93,4047,0
203,Reliance Jio,F,47,Tamil Nadu,Kolkata,257952,2020-01-01,1,59119,131,70,1358,0
204,Vodafone,M,71,Maharashtra,Chennai,723985,2020-01-01,1,132795,59,33,4882,0
205,BSNL,M,22,Tamil Nadu,Kolkata,846160,2020-01-01,0,92099,118,12,5896,0
206,Reliance Jio,F,58,Arunachal Pradesh,Bangalore,434416,2020-01-01,2,166371,129,73,6747,0
207,BSNL,F,42,Tamil Nadu,Hyderabad,313954,2020-01-01,3,107702,79,16,3477,0
208,Airtel,M,31,West Bengal,Kolkata,986743,2020-01-01,3,107113,29,98,8853,1
209,BSNL,F,48,Tamil Nadu,Kolkata,382929,2020-01-01,1,62999,23,4,6005,0
210,Airtel,F,59,Maharashtra,Bangalore,915429,2020-01-01,1,123695,116,66,2309,0
211,Reliance Jio,F,47,Arunachal Pradesh,Delhi,459020,2020-01-01,3,20325,44,56,5957,1
212,Vodafone,F,43,West Bengal,Delhi,666630,2020-01-01,2,74954,187,39,6843,1
213,Vodafone,M,19,Delhi,Delhi,130035,2020-01-01,4,155840,152,4,28,0
214,Reliance Jio,F,49,Karnataka,Kolkata,249420,2020-01-01,1,34174,40,32,1103,0
215,Vodafone,F,41,Mizoram,Kolkata,289491,2020-01-01,4,57333,77,89,6346,0
216,Airtel,M,33,Tripura,Chennai,395915,2020-01-01,0,22072,161,46,779,0
217,Airtel,F,40,Tamil Nadu,Bangalore,739935,2020-01-01,4,141537,98,89,6699,0
218,Vodafone,F,26,Karnataka,Hyderabad,221545,2020-01-01,4,113248,179,98,9810,0
219,Airtel,F,20,Karnataka,Mumbai,835471,2020-01-01,2,188078,19,46,6530,0
220,Airtel,M,32,Delhi,Hyderabad,738544,2020-01-01,0,175005,90,9,226,0
221,Vodafone,F,74,Mizoram,Mumbai,523528,2020-01-01,4,132539,85,54,9380,0
222,Airtel,M,35,West Bengal,Chennai,779153,2020-01-01,3,58189,181,37,5467,0
223,Reliance Jio,M,47,Karnataka,Mumbai,191175,2020-01-01,1,68692,90,65,9924,0
224,Vodafone,F,52,Arunachal Pradesh,Chennai,771736,2020-01-01,0,37297,86,11,6584,0
225,Airtel,F,38,Tripura,Chennai,168359,2020-01-01,2,42680,86,14,3204,0
226,Vodafone,F,38,Maharashtra,Hyderabad,540258,2020-01-01,0,24394,77,87,866,0
227,Airtel,F,33,Arunachal Pradesh,Chennai,870880,2020-01-01,0,130615,90,91,6418,0
228,Airtel,F,44,Maharashtra,Bangalore,138552,2020-01-01,2,141440,22,84,6306,0
229,Reliance Jio,M,39,Tripura,Mumbai,746772,2020-01-01,2,77840,29,44,4653,1
230,Reliance Jio,F,65,Arunachal Pradesh,Chennai,240753,2020-01-01,0,46451,112,28,9098,0
231,BSNL,F,66,Tamil Nadu,Mumbai,341361,2020-01-01,0,72652,38,24,2119,0
232,Vodafone,M,67,Arunachal Pradesh,Chennai,923303,2020-01-01,3,116497,74,53,8535,1
233,Vodafone,M,73,West Bengal,Chennai,710375,2020-01-01,2,104877,110,50,3782,0
234,Airtel,F,71,West Bengal,Bangalore,461878,2020-01-01,2,149610,12,28,8401,0
235,Reliance Jio,F,50,West Bengal,Chennai,111986,2020-01-01,1,42499,90,16,8508,0
236,BSNL,M,57,Tripura,Chennai,816246,2020-01-01,4,62055,79,39,7816,0
237,BSNL,F,73,Mizoram,Bangalore,831935,2020-01-01,3,38075,93,6,3236,0
238,Vodafone,M,79,West Bengal,Hyderabad,700319,2020-01-01,2,95487,125,77,9022,0
239,BSNL,M,38,Arunachal Pradesh,Bangalore,554156,2020-01-01,2,120612,70,40,3701,0
240,Reliance Jio,M,44,Karnataka,Mumbai,968475,2020-01-01,4,24271,145,97,568,0
241,Reliance Jio,M,26,Tamil Nadu,Bangalore,773547,2020-01-01,1,107635,34,49,8621,0
242,Reliance Jio,M,51,Arunachal Pradesh,Chennai,980616,2020-01-01,4,109783,157,57,9293,0
243,BSNL,F,78,Tripura,Bangalore,873530,2020-01-01,1,54671,121,73,6756,1
244,Reliance Jio,M,66,Tamil Nadu,Bangalore,943295,2020-01-01,4,93355,35,88,6498,0
245,Airtel,M,69,Maharashtra,Mumbai,268628,2020-01-01,3,35037,199,26,6404,1
246,Vodafone,M,62,West Bengal,Kolkata,545202,2020-01-01,1,149260,129,1,1833,0
247,Reliance Jio,M,45,West Bengal,Chennai,648472,2020-01-01,1,33899,129,97,5330,1
248,Reliance Jio,M,71,Arunachal Pradesh,Bangalore,374300,2020-01-01,4,181366,152,25,1479,1
249,BSNL,M,30,Delhi,Hyderabad,556690,2020-01-01,2,159763,146,68,9407,0
250,BSNL,M,76,Maharashtra,Delhi,144260,2020-01-01,1,42087,68,39,9835,0
251,BSNL,M,67,West Bengal,Mumbai,619101,2020-01-01,3,174541,32,82,1247,0
252,BSNL,F,31,Maharashtra,Kolkata,616684,2020-01-01,0,22812,86,48,5800,0
253,BSNL,M,56,Maharashtra,Delhi,984400,2020-01-01,1,45842,193,50,7693,0
254,Vodafone,M,34,Delhi,Chennai,150984,2020-01-01,3,50826,147,4,6588,0
255,BSNL,F,60,Delhi,Delhi,764987,2020-01-01,0,46829,64,1,887,1
256,Vodafone,F,78,Tamil Nadu,Hyderabad,400591,2020-01-01,1,168374,158,29,8161,0
257,Vodafone,F,35,West Bengal,Hyderabad,573177,2020-01-01,2,158976,75,81,6837,0
258,Reliance Jio,F,47,Tripura,Hyderabad,725213,2020-01-01,2,77394,33,1,1565,0
259,Reliance Jio,M,48,Arunachal Pradesh,Kolkata,822307,2020-01-01,2,42543,181,39,5651,0
260,Reliance Jio,F,54,West Bengal,Delhi,623791,2020-01-01,0,51968,81,24,1169,0
261,Airtel,M,54,Tamil Nadu,Kolkata,386589,2020-01-01,3,103327,26,79,7806,0
262,BSNL,F,46,Tamil Nadu,Kolkata,100816,2020-01-01,3,111098,171,18,263,0
263,Reliance Jio,M,79,Tamil Nadu,Chennai,833593,2020-01-01,4,141782,73,25,9410,0
264,Airtel,F,55,Tamil Nadu,Kolkata,977960,2020-01-01,3,170750,92,25,1697,0
265,BSNL,F,53,Mizoram,Chennai,472146,2020-01-01,2,150160,87,16,2987,0
266,Vodafone,F,38,West Bengal,Hyderabad,210491,2020-01-01,3,24316,164,95,3731,1
267,BSNL,M,19,West Bengal,Chennai,303124,2020-01-01,1,36880,103,77,4341,1
268,Reliance Jio,F,21,Delhi,Mumbai,853047,2020-01-01,3,33951,23,37,2843,0
269,Airtel,M,48,Mizoram,Delhi,325248,2020-01-01,0,49827,22,36,4157,0
270,Airtel,F,74,Maharashtra,Delhi,717072,2020-01-01,0,174709,187,40,8685,1
271,BSNL,F,54,Tripura,Mumbai,412997,2020-01-01,1,122336,3,12,1368,0
272,BSNL,F,27,Tamil Nadu,Kolkata,245355,2020-01-01,0,186330,48,78,6102,0
273,Airtel,M,27,Tripura,Hyderabad,230133,2020-01-01,1,72411,125,71,8160,0
274,Airtel,M,19,Arunachal Pradesh,Kolkata,307704,2020-01-01,0,56620,124,33,4042,0
275,BSNL,F,32,Tripura,Kolkata,677721,2020-01-01,3,98058,13,29,5512,1
276,Reliance Jio,M,38,Arunachal Pradesh,Delhi,392600,2020-01-01,3,179895,179,6,5426,0
277,Airtel,F,35,Arunachal Pradesh,Bangalore,184512,2020-01-01,2,194561,37,28,3731,0
278,Airtel,M,70,Karnataka,Bangalore,561970,2020-01-01,3,177563,55,39,4073,1
279,Vodafone,M,18,Mizoram,Kolkata,768979,2020-01-01,3,89900,132,71,7771,0
280,BSNL,M,25,Tamil Nadu,Mumbai,380904,2020-01-01,0,96997,88,59,4097,0
281,Vodafone,M,24,Tripura,Kolkata,326848,2020-01-01,4,63187,104,48,8249,1
282,Vodafone,F,33,Delhi,Delhi,835580,2020-01-01,4,67362,50,74,4914,0
283,Airtel,F,18,Tamil Nadu,Delhi,698335,2020-01-01,3,53266,1,53,8874,0
284,Reliance Jio,F,24,Arunachal Pradesh,Delhi,875964,2020-01-01,1,29580,199,39,6495,0
285,Airtel,M,70,Tripura,Mumbai,701633,2020-01-01,4,166624,39,46,-196,1
286,Airtel,M,46,Maharashtra,Delhi,179090,2020-01-01,2,197887,182,76,6155,0
287,Airtel,M,64,Karnataka,Hyderabad,206951,2020-01-01,4,70687,71,6,600,0
288,Reliance Jio,F,70,West Bengal,Mumbai,781001,2020-01-01,2,196794,60,93,2272,0
289,Airtel,M,56,Tamil Nadu,Delhi,195961,2020-01-01,0,52557,45,16,7252,0
290,Vodafone,M,29,Mizoram,Delhi,523219,2020-01-01,2,196002,138,91,1711,1
291,Vodafone,F,73,Maharashtra,Hyderabad,416693,2020-01-01,3,130603,170,82,7936,0
292,Airtel,F,20,Mizoram,Chennai,916014,2020-01-01,2,177692,142,85,341,1
293,Vodafone,M,57,Mizoram,Delhi,329102,2020-01-01,1,42971,172,21,3707,0
294,Reliance Jio,M,21,Tamil Nadu,Hyderabad,230408,2020-01-01,3,119463,74,68,8134,1
295,Vodafone,M,22,Mizoram,Hyderabad,595671,2020-01-01,2,118149,140,21,3207,0
296,Vodafone,M,44,Delhi,Hyderabad,627586,2020-01-01,3,122748,29,94,7335,0
297,BSNL,F,34,Arunachal Pradesh,Chennai,429700,2020-01-01,2,27911,119,78,3865,0
298,Airtel,M,69,Maharashtra,Hyderabad,169520,2020-01-01,2,118490,161,82,7649,0
299,Reliance Jio,M,50,Tripura,Kolkata,436574,2020-01-01,4,153886,73,66,6919,0
300,BSNL,F,30,Tripura,Hyderabad,650307,2020-01-01,1,101473,158,99,1005,1
301,BSNL,F,32,Tamil Nadu,Mumbai,608017,2020-01-01,2,169711,170,3,4696,0
302,Airtel,F,70,Tripura,Delhi,342119,2020-01-01,4,32751,72,70,5752,0
303,BSNL,M,65,Arunachal Pradesh,Chennai,236052,2020-01-01,2,28430,71,99,1234,0
304,Vodafone,M,60,Tamil Nadu,Bangalore,850730,2020-01-01,0,143553,55,79,2818,1
305,Vodafone,F,65,Tripura,Kolkata,738129,2020-01-01,2,127575,197,4,6854,0
306,Reliance Jio,F,46,Tripura,Hyderabad,373220,2020-01-01,1,145022,15,66,3179,0
307,Reliance Jio,M,49,Tripura,Kolkata,500754,2020-01-01,4,87137,83,56,8691,0
308,Vodafone,M,48,Arunachal Pradesh,Hyderabad,301326,2020-01-01,0,123591,109,18,9974,0
309,BSNL,M,21,Tripura,Hyderabad,702191,2020-01-01,0,151313,46,45,5546,0
310,Reliance Jio,M,29,Maharashtra,Kolkata,464062,2020-01-01,0,38953,79,48,9827,0
311,BSNL,M,29,Arunachal Pradesh,Delhi,972988,2020-01-01,1,165343,63,36,9739,0
312,Vodafone,F,74,Maharashtra,Kolkata,646332,2020-01-01,3,97461,167,84,6578,0
313,Airtel,M,38,Delhi,Bangalore,388929,2020-01-01,1,164971,184,69,4848,0
314,BSNL,F,35,West Bengal,Kolkata,402334,2020-01-01,4,197232,46,81,9477,0
315,Vodafone,F,35,West Bengal,Chennai,514133,2020-01-01,0,45578,49,88,8492,0
316,Vodafone,F,47,West Bengal,Mumbai,459173,2020-01-01,1,127155,12,5,1517,1
317,Airtel,F,68,Delhi,Mumbai,963607,2020-01-01,4,190233,81,92,3455,0
318,Vodafone,F,26,West Bengal,Kolkata,224247,2020-01-01,0,131945,111,86,2025,0
319,Airtel,F,58,Mizoram,Chennai,307885,2020-01-01,1,136821,162,97,6825,0
320,Reliance Jio,F,35,Tripura,Hyderabad,139748,2020-01-01,2,176009,72,16,5023,0
321,Airtel,F,65,West Bengal,Bangalore,232679,2020-01-01,2,84617,81,18,4111,0
322,Airtel,F,76,Karnataka,Kolkata,330749,2020-01-01,0,185762,9,83,7557,0
323,Vodafone,M,59,Tripura,Delhi,859367,2020-01-01,2,34726,117,14,447,1
324,BSNL,F,44,Maharashtra,Mumbai,168439,2020-01-01,0,171346,131,32,6774,0
325,Reliance Jio,M,46,Delhi,Delhi,760375,2020-01-01,0,170709,28,93,8699,1
326,Reliance Jio,M,59,Arunachal Pradesh,Kolkata,929414,2020-01-01,0,85728,54,3,8494,0
327,BSNL,F,20,Tripura,Kolkata,919766,2020-01-01,1,156219,174,66,367,0
328,Reliance Jio,M,28,Delhi,Kolkata,970103,2020-01-01,0,45550,88,93,1773,0
329,Reliance Jio,M,43,Delhi,Mumbai,305893,2020-01-01,0,45278,93,37,6170,0
330,BSNL,F,24,Mizoram,Mumbai,963836,2020-01-01,3,157677,160,54,3076,1
331,Airtel,M,59,Karnataka,Mumbai,878076,2020-01-01,4,41909,70,79,7505,1
332,Vodafone,M,33,Tripura,Mumbai,756095,2020-01-01,4,141145,24,49,737,1
333,Vodafone,M,40,Tripura,Kolkata,726950,2020-01-01,3,199053,105,3,3258,0
334,Airtel,M,43,Tamil Nadu,Delhi,541543,2020-01-01,1,75187,171,87,2082,0
335,BSNL,F,37,Tamil Nadu,Bangalore,513777,2020-01-01,1,103120,110,97,8491,0
336,Airtel,M,22,Mizoram,Hyderabad,208567,2020-01-01,0,42477,159,75,2063,0
337,Reliance Jio,M,69,Tripura,Delhi,602974,2020-01-01,1,55265,106,53,4290,0
338,Airtel,M,68,Tamil Nadu,Mumbai,596712,2020-01-01,3,151459,162,49,624,0
339,Airtel,F,20,Tamil Nadu,Kolkata,813732,2020-01-01,0,142046,133,66,6295,0
340,Reliance Jio,F,42,Delhi,Hyderabad,828798,2020-01-01,2,107002,92,38,895,1
341,Reliance Jio,M,72,Delhi,Chennai,296352,2020-01-01,0,194384,51,95,7350,0
342,Vodafone,M,58,Tamil Nadu,Chennai,978234,2020-01-01,0,158371,63,3,9021,0
343,Airtel,M,29,Mizoram,Kolkata,881415,2020-01-01,4,88203,50,85,7961,0
344,BSNL,F,70,Arunachal Pradesh,Kolkata,754602,2020-01-01,0,43992,53,34,1682,0
345,Vodafone,F,78,West Bengal,Mumbai,983168,2020-01-01,3,192614,70,73,3686,0
346,BSNL,M,27,Arunachal Pradesh,Hyderabad,601713,2020-01-01,3,96733,127,99,6570,0
347,Vodafone,F,78,Maharashtra,Delhi,200780,2020-01-01,0,145294,175,20,508,0
348,Airtel,F,62,Tripura,Kolkata,549099,2020-01-01,1,175088,194,42,3770,0
349,Reliance Jio,M,19,Maharashtra,Bangalore,747270,2020-01-01,3,78334,170,38,-249,0
350,BSNL,F,36,Tamil Nadu,Delhi,965010,2020-01-01,3,42329,176,29,302,0
351,Vodafone,M,73,Tamil Nadu,Kolkata,246122,2020-01-01,2,115368,41,30,8460,0
352,Vodafone,M,59,Tamil Nadu,Hyderabad,798081,2020-01-01,2,145976,14,31,5728,1
353,BSNL,M,76,Tamil Nadu,Chennai,102717,2020-01-01,1,88529,117,55,3187,0
354,Reliance Jio,F,42,Delhi,Kolkata,448080,2020-01-01,3,180754,159,52,-101,0
355,Reliance Jio,F,35,Mizoram,Delhi,242024,2020-01-01,2,146851,41,46,204,0
356,Vodafone,M,52,Arunachal Pradesh,Chennai,876940,2020-01-01,1,21498,125,66,9255,1
357,Reliance Jio,F,18,Karnataka,Delhi,929195,2020-01-01,4,75073,37,47,4301,0
358,Reliance Jio,F,47,Karnataka,Hyderabad,447844,2020-01-01,3,166344,188,66,3611,1
359,BSNL,F,33,Maharashtra,Hyderabad,660044,2020-01-01,0,167198,44,55,4919,0
360,BSNL,M,39,Tripura,Mumbai,217950,2020-01-01,2,140147,148,19,5491,1
361,BSNL,M,57,Arunachal Pradesh,Bangalore,594763,2020-01-01,4,70774,31,91,8460,0
362,Vodafone,M,45,Tripura,Hyderabad,521545,2020-01-01,2,135066,132,76,6676,0
363,Airtel,F,20,Mizoram,Mumbai,148386,2020-01-01,2,111593,56,44,7445,0
364,BSNL,M,22,Mizoram,Bangalore,128641,2020-01-01,3,46147,160,73,3923,0
365,Vodafone,F,59,Tripura,Hyderabad,797562,2020-01-01,1,29490,0,35,6227,1
366,Reliance Jio,F,18,Delhi,Kolkata,465167,2020-01-01,2,69153,115,38,218,0
367,BSNL,M,68,West Bengal,Bangalore,203309,2020-01-01,0,161124,39,15,3122,0
368,Airtel,M,63,Maharashtra,Mumbai,151468,2020-01-01,0,142041,134,80,9156,0
369,BSNL,F,21,Tripura,Chennai,457266,2020-01-01,1,195794,22,72,6257,1
370,BSNL,F,34,Delhi,Kolkata,346141,2020-01-01,4,114475,49,61,2681,1
371,Vodafone,M,70,Maharashtra,Chennai,910025,2020-01-01,2,158991,178,75,1779,1
372,Airtel,M,41,Arunachal Pradesh,Kolkata,548204,2020-01-01,2,147937,180,14,7784,1
373,Airtel,F,24,Delhi,Mumbai,269101,2020-01-01,3,164498,62,12,885,0
374,Reliance Jio,M,75,Mizoram,Mumbai,516931,2020-01-01,0,173324,136,6,4794,0
375,Airtel,M,64,Mizoram,Bangalore,560640,2020-01-01,2,100565,67,28,614,0
376,Airtel,M,71,Mizoram,Bangalore,450843,2020-01-01,1,56360,76,47,1048,0
377,Airtel,M,30,Tripura,Kolkata,428614,2020-01-01,3,180236,6,63,9488,0
378,Airtel,M,37,Mizoram,Mumbai,254736,2020-01-01,2,122442,36,26,8768,0
379,Vodafone,M,27,West Bengal,Kolkata,217894,2020-01-01,2,57395,165,69,500,1
380,Airtel,F,19,Tamil Nadu,Hyderabad,589786,2020-01-01,3,156269,96,46,580,1
381,Vodafone,M,30,Karnataka,Delhi,311055,2020-01-01,1,70743,168,83,805,0
382,Airtel,F,29,Mizoram,Kolkata,781018,2020-01-01,0,39964,145,0,3550,0
383,Airtel,M,75,Maharashtra,Bangalore,216747,2020-01-01,3,175475,164,34,2396,0
384,Vodafone,M,42,Karnataka,Chennai,522590,2020-01-01,0,60479,54,28,9467,0
385,BSNL,M,53,Tripura,Bangalore,741467,2020-01-01,4,134352,91,61,1521,0
386,Vodafone,F,40,Tripura,Mumbai,910856,2020-01-01,2,37426,118,4,5218,0
387,BSNL,M,26,West Bengal,Chennai,717252,2020-01-01,2,170422,31,25,3104,1
388,Reliance Jio,F,52,Tripura,Bangalore,593130,2020-01-01,0,27062,176,24,2574,0
389,Vodafone,F,40,Tripura,Delhi,942426,2020-01-01,1,104130,23,16,547,0
390,Reliance Jio,M,65,Maharashtra,Bangalore,925056,2020-01-01,4,141973,170,66,9825,0
391,Reliance Jio,F,58,Delhi,Mumbai,163020,2020-01-01,2,176806,10,97,1924,0
392,Reliance Jio,M,40,Tripura,Delhi,481203,2020-01-01,2,164371,109,99,3642,0
393,BSNL,M,58,Tamil Nadu,Chennai,123327,2020-01-01,3,88394,131,89,2345,0
394,Airtel,M,23,Tripura,Mumbai,156219,2020-01-01,4,167692,124,64,6914,1
395,BSNL,F,33,Arunachal Pradesh,Mumbai,130450,2020-01-01,4,61762,42,2,1255,0
396,BSNL,M,18,Delhi,Chennai,632722,2020-01-01,4,195728,63,85,5706,0
397,Reliance Jio,M,30,Mizoram,Delhi,352363,2020-01-01,0,179873,66,80,-456,0
398,BSNL,M,36,Tripura,Bangalore,427535,2020-01-01,3,30571,125,18,6363,1
399,Reliance Jio,F,21,Mizoram,Hyderabad,727977,2020-01-01,0,40224,85,29,1080,0
400,BSNL,M,21,Tripura,Bangalore,832529,2020-01-01,4,182020,93,90,8595,0
401,Airtel,F,33,Karnataka,Hyderabad,888967,2020-01-01,0,85862,106,46,7661,0
402,Reliance Jio,M,76,West Bengal,Delhi,849739,2020-01-01,2,179831,185,70,9149,0
403,BSNL,M,47,Karnataka,Mumbai,486440,2020-01-01,2,106746,36,4,3910,0
404,Vodafone,M,60,Arunachal Pradesh,Mumbai,107476,2020-01-01,1,160635,61,91,6367,0
405,Airtel,M,38,Tamil Nadu,Kolkata,178972,2020-01-01,0,157605,95,51,6916,1
406,Reliance Jio,M,72,Delhi,Delhi,857689,2020-01-01,2,136978,20,62,5109,0
407,Vodafone,F,45,Delhi,Bangalore,478187,2020-01-01,3,173718,26,87,8292,0
408,Vodafone,M,59,Karnataka,Mumbai,996551,2020-01-01,2,130846,190,41,7105,0
409,BSNL,M,68,Arunachal Pradesh,Bangalore,851290,2020-01-01,4,150402,98,73,2330,0
410,Vodafone,F,21,Mizoram,Mumbai,137776,2020-01-01,1,108201,79,92,4871,0
411,Airtel,F,25,Delhi,Mumbai,743993,2020-01-01,1,26404,63,29,5078,0
412,Airtel,F,44,Tripura,Hyderabad,690508,2020-01-01,3,22478,60,56,7424,0
413,Reliance Jio,F,20,Karnataka,Chennai,946917,2020-01-01,4,125909,40,63,779,0
414,Airtel,F,59,Mizoram,Kolkata,734629,2020-01-01,2,185764,96,85,3755,0
415,Airtel,M,56,West Bengal,Delhi,546426,2020-01-01,3,87541,63,92,6173,0
416,Airtel,M,25,Maharashtra,Mumbai,305550,2020-01-01,0,172868,149,9,2085,0
417,Airtel,M,65,Karnataka,Hyderabad,836802,2020-01-01,0,149616,144,34,3643,0
418,BSNL,M,57,Karnataka,Hyderabad,901902,2020-01-01,0,79697,92,49,4710,0
419,Reliance Jio,F,54,West Bengal,Bangalore,880660,2020-01-01,0,149088,143,73,4430,0
420,Reliance Jio,M,51,Tamil Nadu,Bangalore,652676,2020-01-01,4,178486,97,78,3083,0
421,BSNL,M,64,Tamil Nadu,Mumbai,174799,2020-01-01,2,186015,60,6,5841,0
422,Airtel,M,63,Tamil Nadu,Mumbai,160807,2020-01-01,0,122850,135,29,534,0
423,BSNL,F,46,Mizoram,Kolkata,795676,2020-01-01,2,97887,126,72,5248,0
424,Reliance Jio,F,32,Karnataka,Mumbai,408891,2020-01-01,1,105676,40,65,8705,0
425,Vodafone,F,28,Delhi,Delhi,122687,2020-01-01,3,74294,197,20,2368,1
426,Reliance Jio,M,62,West Bengal,Delhi,580341,2020-01-01,4,172187,151,84,2025,1
427,Airtel,M,39,Delhi,Bangalore,685299,2020-01-01,2,195738,137,7,1081,0
428,BSNL,F,43,Karnataka,Chennai,724273,2020-01-01,0,38235,69,3,2398,0
429,Reliance Jio,F,39,Mizoram,Hyderabad,322840,2020-01-01,3,185374,172,38,4862,0
430,Vodafone,M,36,West Bengal,Mumbai,459766,2020-01-01,1,63160,139,49,8900,0
431,BSNL,F,18,Arunachal Pradesh,Delhi,862034,2020-01-01,1,154985,50,61,5337,0
432,Vodafone,F,72,Tamil Nadu,Kolkata,401079,2020-01-01,4,58175,22,44,5673,1
433,Vodafone,M,26,West Bengal,Delhi,707131,2020-01-01,1,188960,82,43,1394,0
434,BSNL,F,18,Mizoram,Bangalore,409525,2020-01-01,1,186363,180,89,8915,1
435,Reliance Jio,M,21,Maharashtra,Bangalore,617260,2020-01-01,0,76410,134,16,3385,0
436,Reliance Jio,M,28,Arunachal Pradesh,Bangalore,849713,2020-01-01,0,62236,40,48,639,1
437,Reliance Jio,F,33,Mizoram,Hyderabad,138107,2020-01-01,2,105893,74,73,8075,0
438,Airtel,F,74,Tamil Nadu,Chennai,580697,2020-01-01,1,76699,36,96,2269,1
439,Reliance Jio,F,42,West Bengal,Mumbai,237966,2020-01-01,1,103283,52,28,6895,0
440,Reliance Jio,F,42,Tripura,Hyderabad,658130,2020-01-01,0,82425,128,39,7064,0
441,Vodafone,M,23,Karnataka,Kolkata,276266,2020-01-01,3,66967,63,91,3514,0
442,Vodafone,F,22,West Bengal,Chennai,732161,2020-01-01,3,67381,14,27,9707,0
443,Airtel,M,55,Arunachal Pradesh,Bangalore,146154,2020-01-01,0,194457,46,52,837,0
444,Airtel,F,46,Tripura,Chennai,503796,2020-01-01,1,104650,28,97,9072,0
445,Airtel,M,37,Mizoram,Hyderabad,327841,2020-01-01,0,39091,110,75,1123,0
446,BSNL,F,65,Arunachal Pradesh,Chennai,502928,2020-01-01,2,105871,99,33,5512,0
447,Reliance Jio,M,47,Delhi,Mumbai,248625,2020-01-01,4,95825,152,77,4495,0
448,BSNL,F,41,Tripura,Mumbai,559314,2020-01-01,3,156771,9,98,6908,0
449,BSNL,F,19,Maharashtra,Hyderabad,410047,2020-01-01,0,146382,175,25,3430,0
450,Vodafone,F,21,West Bengal,Hyderabad,243571,2020-01-01,2,92767,164,12,4959,0
451,Airtel,F,22,Tripura,Hyderabad,345315,2020-01-01,0,25785,94,64,3422,0
452,Reliance Jio,M,78,Tripura,Kolkata,727422,2020-01-01,0,43188,13,42,562,0
453,Reliance Jio,F,22,Arunachal Pradesh,Delhi,158088,2020-01-01,4,143531,126,69,2191,0
454,BSNL,M,79,Tamil Nadu,Delhi,537914,2020-01-01,4,119799,12,41,5656,0
455,Vodafone,F,38,Tripura,Kolkata,230901,2020-01-01,2,76195,103,34,5249,0
456,BSNL,M,30,West Bengal,Delhi,882849,2020-01-01,4,148265,179,25,4585,0
457,Reliance Jio,F,24,Tamil Nadu,Bangalore,582563,2020-01-01,0,42549,20,49,4001,1
458,BSNL,F,39,Delhi,Delhi,269117,2020-01-01,2,46533,128,7,-464,0
459,Airtel,F,41,Arunachal Pradesh,Bangalore,274052,2020-01-01,0,183222,146,78,4752,0
460,Vodafone,F,75,Delhi,Bangalore,757476,2020-01-01,1,49384,61,90,9993,0
461,Reliance Jio,M,59,Tripura,Hyderabad,143803,2020-01-01,4,184442,60,66,965,0
462,Airtel,M,33,West Bengal,Bangalore,221324,2020-01-01,4,194533,110,90,7352,1
463,Airtel,F,79,Arunachal Pradesh,Kolkata,259371,2020-01-01,2,66369,131,63,3506,0
464,Reliance Jio,M,75,Arunachal Pradesh,Delhi,823357,2020-01-01,3,192739,186,49,8221,0
465,BSNL,M,69,Tripura,Delhi,569004,2020-01-01,1,61381,72,81,1511,0
466,Airtel,M,66,Mizoram,Delhi,134797,2020-01-01,3,154764,161,28,6915,0
467,Reliance Jio,M,19,Maharashtra,Hyderabad,308080,2020-01-01,3,141812,199,43,7597,1
468,Airtel,F,72,West Bengal,Hyderabad,779086,2020-01-01,0,64941,56,50,4076,0
469,Reliance Jio,M,59,Delhi,Mumbai,110661,2020-01-01,2,24891,46,73,7989,0
470,Airtel,M,56,West Bengal,Bangalore,795766,2020-01-01,1,189685,55,78,3331,0
471,Airtel,F,37,Tamil Nadu,Hyderabad,878576,2020-01-01,1,72852,156,72,416,0
472,BSNL,F,22,Mizoram,Bangalore,631370,2020-01-01,0,48077,39,72,5718,0
473,BSNL,F,27,Tamil Nadu,Kolkata,650151,2020-01-01,4,97040,156,99,5389,0
474,BSNL,F,31,Maharashtra,Mumbai,601328,2020-01-01,3,185131,137,50,9230,1
475,Vodafone,F,52,Karnataka,Mumbai,768568,2020-01-01,3,29769,195,74,1845,0
476,BSNL,M,57,West Bengal,Chennai,306120,2020-01-01,0,89766,155,22,8604,0
477,Airtel,F,33,Delhi,Mumbai,303676,2020-01-01,2,137377,154,58,2455,0
478,BSNL,M,34,West Bengal,Hyderabad,244999,2020-01-01,1,160024,122,90,-295,0
479,BSNL,M,72,Arunachal Pradesh,Kolkata,139736,2020-01-01,1,127803,87,85,487,0
480,Airtel,M,22,Delhi,Chennai,719645,2020-01-01,1,78979,195,16,2972,1
481,Airtel,M,40,Tripura,Chennai,336590,2020-01-01,0,130931,158,86,3639,0
482,BSNL,F,67,Delhi,Bangalore,643847,2020-01-01,0,39292,183,82,2937,0
483,BSNL,M,51,West Bengal,Mumbai,891791,2020-01-01,1,198143,100,8,1937,0
484,Airtel,F,30,Mizoram,Kolkata,200494,2020-01-01,1,107109,116,29,3010,0
485,Airtel,M,57,Tamil Nadu,Chennai,816140,2020-01-01,3,128510,71,81,1708,0
486,Airtel,M,37,Karnataka,Chennai,839612,2020-01-01,3,117306,138,36,6946,1
487,Reliance Jio,M,70,Arunachal Pradesh,Kolkata,531403,2020-01-01,0,123537,174,9,8490,1
488,BSNL,M,70,Tripura,Kolkata,874220,2020-01-01,3,38986,122,81,4521,0
489,BSNL,M,70,Arunachal Pradesh,Bangalore,348566,2020-01-01,1,80809,145,27,8890,0
490,Reliance Jio,F,43,Karnataka,Chennai,789546,2020-01-01,2,52875,170,9,1408,0
491,BSNL,M,40,Mizoram,Delhi,303383,2020-01-01,4,37937,67,80,5148,0
492,Vodafone,M,59,Maharashtra,Chennai,801591,2020-01-01,4,94968,10,9,-204,0
493,BSNL,M,76,West Bengal,Hyderabad,721070,2020-01-01,1,91604,151,54,9190,0
494,Reliance Jio,M,75,Mizoram,Chennai,408476,2020-01-01,2,192401,132,74,8525,0
495,Airtel,M,45,Mizoram,Bangalore,858213,2020-01-01,0,31035,11,30,2724,0
496,Airtel,M,42,Tripura,Chennai,387749,2020-01-01,1,166196,109,6,1213,0
497,BSNL,M,65,West Bengal,Bangalore,670372,2020-01-01,2,170568,54,13,6543,0
498,BSNL,F,78,Arunachal Pradesh,Delhi,438095,2020-01-01,2,96515,59,66,5998,0
499,Vodafone,F,34,Delhi,Delhi,223014,2020-01-01,3,25495,155,75,9116,0
500,Vodafone,F,46,Delhi,Mumbai,597096,2020-01-01,2,143294,138,21,4613,0
501,Reliance Jio,M,50,Tamil Nadu,Bangalore,941138,2020-01-01,4,163491,182,94,461,0
502,BSNL,F,35,Delhi,Mumbai,513887,2020-01-01,3,67342,27,51,4160,0
503,Vodafone,M,54,Tripura,Kolkata,253802,2020-01-01,3,86606,59,47,188,0
504,Airtel,M,28,West Bengal,Chennai,118363,2020-01-01,1,66925,165,64,7396,1
505,Vodafone,F,65,Karnataka,Mumbai,765559,2020-01-01,0,85431,147,80,-66,0
506,Reliance Jio,M,65,Arunachal Pradesh,Mumbai,728355,2020-01-01,4,150675,42,92,6902,1
507,BSNL,F,30,Tamil Nadu,Chennai,436045,2020-01-01,3,188033,107,11,6801,0
508,Vodafone,M,21,Arunachal Pradesh,Mumbai,523769,2020-01-01,4,112789,108,12,6484,0
509,BSNL,M,28,Karnataka,Delhi,621667,2020-01-01,1,130213,184,18,8880,0
510,BSNL,F,31,Tripura,Kolkata,624253,2020-01-01,2,56820,48,35,5610,0
511,BSNL,F,74,Tripura,Delhi,993298,2020-01-01,4,20512,137,88,382,0
512,BSNL,F,34,Maharashtra,Delhi,529545,2020-01-01,0,151134,96,18,8134,0
513,BSNL,F,48,Karnataka,Hyderabad,278716,2020-01-01,0,199544,70,58,7501,1
514,Reliance Jio,M,24,Delhi,Bangalore,285170,2020-01-01,1,131809,192,69,23,0
515,Reliance Jio,F,74,West Bengal,Bangalore,299949,2020-01-01,1,88935,127,35,1151,0
516,Vodafone,F,20,Maharashtra,Delhi,970168,2020-01-01,1,94229,177,10,3888,0
517,BSNL,M,75,Delhi,Delhi,259936,2020-01-01,1,41590,95,3,5681,0
518,BSNL,M,68,Delhi,Bangalore,929797,2020-01-01,3,28816,38,89,4297,0
519,Vodafone,F,39,West Bengal,Bangalore,111794,2020-01-01,1,182710,65,88,2449,0
520,Vodafone,F,78,Karnataka,Kolkata,880468,2020-01-01,3,95330,155,38,7310,1
521,Airtel,F,36,Mizoram,Mumbai,645370,2020-01-01,4,42934,89,91,4465,0
522,Vodafone,M,39,Tripura,Bangalore,687189,2020-01-01,2,35311,160,81,4645,0
523,BSNL,M,75,Karnataka,Delhi,943853,2020-01-01,4,98305,32,32,9575,0
524,Vodafone,M,63,Delhi,Delhi,742733,2020-01-01,3,45795,124,10,7161,0
525,Airtel,M,48,Maharashtra,Delhi,848629,2020-01-01,4,191727,103,19,6505,0
526,Reliance Jio,F,44,Mizoram,Kolkata,490419,2020-01-01,4,90922,102,60,-8,0
527,Vodafone,M,48,Karnataka,Hyderabad,617583,2020-01-01,0,152276,108,87,5080,0
528,Vodafone,F,62,Arunachal Pradesh,Chennai,371951,2020-01-01,3,160357,92,16,9691,1
529,Vodafone,F,31,Arunachal Pradesh,Hyderabad,539552,2020-01-01,0,55437,4,76,9091,0
530,Reliance Jio,M,55,Delhi,Kolkata,202814,2020-01-01,1,108767,177,39,352,0
531,Airtel,F,56,Tamil Nadu,Delhi,120885,2020-01-01,3,133814,129,68,1798,0
532,Reliance Jio,M,48,Maharashtra,Mumbai,611526,2020-01-01,2,146093,33,19,-315,0
533,Vodafone,M,39,Delhi,Chennai,628641,2020-01-01,0,101536,23,44,2633,0
534,Airtel,M,79,West Bengal,Chennai,599707,2020-01-01,0,164366,175,14,1756,0
535,BSNL,M,77,Arunachal Pradesh,Kolkata,660178,2020-01-01,1,51079,42,34,5440,0
536,Airtel,M,42,Mizoram,Delhi,688890,2020-01-01,2,184102,139,42,6443,1
537,Reliance Jio,M,29,Mizoram,Kolkata,783113,2020-01-01,1,166167,155,18,7769,0
538,BSNL,M,79,Tamil Nadu,Bangalore,887559,2020-01-01,0,51838,92,96,4261,1
539,Vodafone,M,21,Karnataka,Bangalore,701289,2020-01-01,1,51300,4,97,9329,0
540,Airtel,M,20,Delhi,Delhi,454102,2020-01-01,2,23256,131,0,2482,0
541,Airtel,M,44,Mizoram,Mumbai,977235,2020-01-01,2,105637,56,42,1076,1
542,Airtel,M,27,West Bengal,Delhi,561748,2020-01-01,1,190105,101,26,1329,0
543,Airtel,F,77,Tripura,Mumbai,604836,2020-01-01,4,196170,34,19,6026,0
544,Reliance Jio,M,28,West Bengal,Hyderabad,466240,2020-01-01,3,181136,177,11,9223,0
545,Airtel,M,72,Mizoram,Mumbai,617815,2020-01-01,2,31988,39,34,9520,1
546,Airtel,M,74,Karnataka,Mumbai,323899,2020-01-01,0,59455,142,92,2917,0
547,Airtel,M,57,West Bengal,Hyderabad,992035,2020-01-01,4,137530,117,52,1176,1
548,Vodafone,M,36,Tamil Nadu,Delhi,715577,2020-01-01,1,167452,96,41,5901,0
549,BSNL,M,32,Mizoram,Mumbai,261863,2020-01-01,4,183690,147,73,9469,1
550,BSNL,M,40,Mizoram,Chennai,877629,2020-01-01,0,176488,93,89,6720,0
551,Vodafone,M,43,Tamil Nadu,Chennai,919078,2020-01-01,4,147097,88,68,199,0
552,Airtel,M,62,Tripura,Hyderabad,551222,2020-01-01,0,23199,148,37,6764,1
553,BSNL,M,47,Tripura,Chennai,635338,2020-01-01,0,91693,77,5,-198,1
554,Reliance Jio,M,42,Tripura,Chennai,493965,2020-01-01,1,184583,103,52,8640,0
555,Reliance Jio,F,33,Delhi,Bangalore,771350,2020-01-01,3,102214,121,46,5199,0
556,Airtel,F,25,Mizoram,Kolkata,511270,2020-01-01,1,139182,62,77,3510,0
557,Airtel,M,43,Maharashtra,Delhi,881812,2020-01-01,3,125161,67,62,7296,0
558,Reliance Jio,M,33,Karnataka,Bangalore,671324,2020-01-01,2,48917,16,6,4439,0
559,Vodafone,F,54,West Bengal,Mumbai,625020,2020-01-01,4,82028,10,62,4647,0
560,BSNL,F,25,Arunachal Pradesh,Mumbai,578818,2020-01-01,3,127233,100,30,9149,0
561,BSNL,F,21,Karnataka,Kolkata,407443,2020-01-01,4,57743,192,48,7246,0
562,BSNL,M,37,West Bengal,Hyderabad,810102,2020-01-01,1,136818,169,51,1222,0
563,Airtel,M,26,Mizoram,Delhi,352430,2020-01-01,4,182379,105,45,-266,0
564,Vodafone,M,20,Arunachal Pradesh,Kolkata,540729,2020-01-01,2,170893,43,35,7375,0
565,Airtel,F,28,Tripura,Hyderabad,263191,2020-01-01,1,117429,86,70,7637,0
566,Airtel,F,19,Delhi,Bangalore,143239,2020-01-01,4,95489,103,49,3678,0
567,BSNL,F,66,Mizoram,Hyderabad,560249,2020-01-01,0,166704,152,67,8356,0
568,Reliance Jio,M,35,Delhi,Chennai,335298,2020-01-01,1,135794,141,41,8763,0
569,Vodafone,F,48,Maharashtra,Chennai,946244,2020-01-01,4,172712,195,84,1201,0
570,BSNL,F,39,Delhi,Chennai,987431,2020-01-01,3,168185,192,6,195,0
571,Airtel,F,69,Delhi,Kolkata,207943,2020-01-01,4,107030,189,36,5883,0
572,Reliance Jio,M,20,Tamil Nadu,Chennai,951617,2020-01-01,0,28866,55,34,8869,1
573,Vodafone,M,62,West Bengal,Kolkata,231361,2020-01-01,2,155648,130,52,4873,0
574,Airtel,M,36,Delhi,Hyderabad,739883,2020-01-01,2,112791,73,61,-52,0
575,Airtel,M,41,Mizoram,Chennai,659484,2020-01-01,3,127431,81,36,9104,1
576,Airtel,M,68,West Bengal,Hyderabad,738322,2020-01-01,0,133314,59,21,3317,0
577,Vodafone,M,68,Karnataka,Kolkata,998828,2020-01-01,3,71340,180,39,2285,0
578,Reliance Jio,F,21,West Bengal,Bangalore,906270,2020-01-01,1,76073,179,37,4454,0
579,Vodafone,M,48,Arunachal Pradesh,Mumbai,293799,2020-01-01,4,121646,18,24,5032,1
580,Reliance Jio,F,49,Arunachal Pradesh,Chennai,237416,2020-01-01,4,35075,0,17,8841,0
581,Vodafone,F,47,Arunachal Pradesh,Delhi,307056,2020-01-01,1,152498,51,79,9285,0
582,BSNL,F,44,Tripura,Chennai,320659,2020-01-01,4,63210,137,64,7391,0
583,BSNL,M,22,Tamil Nadu,Kolkata,175222,2020-01-01,1,173201,76,67,5187,1
584,Airtel,F,32,Tripura,Bangalore,516836,2020-01-01,0,196430,69,37,833,0
585,Vodafone,F,28,Tamil Nadu,Bangalore,805401,2020-01-01,2,75027,15,53,837,0
586,BSNL,M,29,Delhi,Chennai,805718,2020-01-01,3,69731,178,70,1638,0
587,BSNL,M,79,Tamil Nadu,Kolkata,758907,2020-01-01,0,179646,47,22,6553,0
588,Vodafone,M,34,Arunachal Pradesh,Hyderabad,751993,2020-01-01,4,22054,86,33,4074,1
589,Reliance Jio,F,24,Tamil Nadu,Chennai,967261,2020-01-01,2,73115,127,34,3547,0
590,Airtel,M,60,Maharashtra,Kolkata,388111,2020-01-01,1,172846,72,48,7088,0
591,Reliance Jio,F,62,Mizoram,Hyderabad,517847,2020-01-01,0,114474,178,80,7977,0
592,Vodafone,M,26,West Bengal,Delhi,929382,2020-01-01,3,124567,17,91,8786,0
593,BSNL,F,55,Karnataka,Mumbai,384809,2020-01-01,3,196005,24,26,6643,0
594,Airtel,F,22,Tripura,Delhi,302719,2020-01-01,2,164560,27,0,8785,0
595,BSNL,M,71,Arunachal Pradesh,Hyderabad,721838,2020-01-01,4,113410,147,30,5060,0
596,Vodafone,M,20,West Bengal,Hyderabad,117195,2020-01-01,1,119654,88,34,9655,0
597,Airtel,F,32,Karnataka,Hyderabad,764465,2020-01-01,1,96116,9,17,5759,0
598,Reliance Jio,M,79,West Bengal,Bangalore,151355,2020-01-01,2,36602,127,89,3921,0
599,BSNL,F,56,Arunachal Pradesh,Chennai,964958,2020-01-01,4,147172,128,11,6837,1
600,BSNL,M,69,Tamil Nadu,Chennai,357453,2020-01-01,0,148210,75,78,7808,0
601,Airtel,M,68,Arunachal Pradesh,Bangalore,813102,2020-01-01,2,68816,4,70,2373,1
602,BSNL,M,35,Karnataka,Mumbai,853830,2020-01-01,2,164692,158,81,8799,1
603,Vodafone,M,23,Mizoram,Bangalore,106190,2020-01-01,1,109525,43,99,7572,1
604,Airtel,M,25,West Bengal,Kolkata,588117,2020-01-01,4,162034,189,90,9344,0
605,Reliance Jio,F,77,West Bengal,Mumbai,674179,2020-01-01,2,138410,125,83,807,1
606,Vodafone,M,59,Tamil Nadu,Hyderabad,683392,2020-01-01,4,145015,121,93,2546,0
607,Airtel,F,79,Tamil Nadu,Delhi,195725,2020-01-01,2,109828,41,36,3721,1
608,BSNL,F,26,Mizoram,Chennai,320507,2020-01-01,2,164272,109,83,8971,0
609,BSNL,M,67,Tripura,Kolkata,420464,2020-01-01,1,164056,59,6,3893,0
610,Vodafone,F,73,Maharashtra,Mumbai,178431,2020-01-01,1,46278,100,5,7178,0
611,BSNL,F,62,Tamil Nadu,Chennai,782849,2020-01-01,2,105108,44,69,4260,0
612,Reliance Jio,M,35,West Bengal,Mumbai,913115,2020-01-01,1,47603,40,9,5072,0
613,Airtel,F,39,Karnataka,Bangalore,631089,2020-01-01,3,120337,68,53,347,0
614,Vodafone,F,65,Maharashtra,Chennai,643046,2020-01-01,4,159024,189,24,-215,0
615,Airtel,F,49,Arunachal Pradesh,Hyderabad,726168,2020-01-01,0,64160,163,82,8397,0
616,Reliance Jio,F,35,Karnataka,Chennai,264899,2020-01-01,0,39215,50,41,3468,1
617,Reliance Jio,M,74,West Bengal,Bangalore,403832,2020-01-01,4,23776,118,92,6127,0
618,Airtel,F,74,Tamil Nadu,Kolkata,563602,2020-01-01,0,43128,40,65,1426,0
619,Airtel,M,43,Tamil Nadu,Mumbai,271469,2020-01-01,0,198893,101,77,3483,0
620,Airtel,F,24,Tripura,Bangalore,713490,2020-01-01,2,76484,3,19,-183,0
621,Reliance Jio,F,29,Karnataka,Delhi,937474,2020-01-01,4,81592,90,72,8909,0
622,Vodafone,F,25,Tamil Nadu,Chennai,918723,2020-01-01,1,111962,164,13,4863,0
623,BSNL,F,69,Maharashtra,Kolkata,416174,2020-01-01,3,96333,64,92,-484,0
624,Reliance Jio,M,36,West Bengal,Bangalore,857982,2020-01-01,3,22903,37,2,1284,0
625,BSNL,M,27,West Bengal,Delhi,700509,2020-01-01,4,28090,142,30,3653,0
626,BSNL,F,22,Karnataka,Hyderabad,913443,2020-01-01,3,101307,94,40,7632,1
627,BSNL,M,69,Arunachal Pradesh,Mumbai,750424,2020-01-01,4,167954,170,19,7129,0
628,BSNL,M,29,Mizoram,Delhi,272620,2020-01-01,4,60353,104,88,6716,0
629,Airtel,F,67,Karnataka,Mumbai,870297,2020-01-01,2,66380,157,13,2633,0
630,Reliance Jio,M,23,Maharashtra,Delhi,743867,2020-01-01,2,53706,52,0,1397,0
631,Vodafone,M,41,Mizoram,Hyderabad,601602,2020-01-01,2,59847,154,5,663,0
632,Vodafone,F,58,Mizoram,Hyderabad,704542,2020-01-01,3,185782,160,13,205,0
633,Reliance Jio,M,46,Arunachal Pradesh,Chennai,220494,2020-01-01,3,86648,122,12,146,1
634,Airtel,F,36,Mizoram,Chennai,559385,2020-01-01,3,107244,173,2,4713,0
635,Vodafone,F,72,Maharashtra,Mumbai,394853,2020-01-01,2,64987,93,52,4683,0
636,Airtel,M,56,Tamil Nadu,Bangalore,608714,2020-01-01,4,166930,114,3,6181,1
637,Airtel,M,55,Mizoram,Delhi,929312,2020-01-01,4,123234,16,34,-252,0
638,BSNL,F,73,Tripura,Mumbai,173675,2020-01-01,0,115341,98,75,1046,0
639,Airtel,M,59,Tripura,Kolkata,761476,2020-01-01,1,74041,95,47,-79,0
640,Reliance Jio,F,66,Arunachal Pradesh,Chennai,816872,2020-01-01,3,20721,13,6,3587,0
641,Reliance Jio,F,34,West Bengal,Delhi,858183,2020-01-01,0,59724,35,37,4664,0
642,Reliance Jio,F,51,Mizoram,Kolkata,666389,2020-01-01,1,128690,120,0,5657,1
643,Reliance Jio,M,60,Karnataka,Delhi,994552,2020-01-01,4,25544,180,31,4614,1
644,Vodafone,M,33,Karnataka,Mumbai,435432,2020-01-01,4,190228,27,11,6323,0
645,Reliance Jio,M,52,Karnataka,Bangalore,143705,2020-01-01,0,97979,190,76,8426,0
646,Airtel,F,51,Arunachal Pradesh,Hyderabad,202586,2020-01-01,3,51190,45,36,2807,1
647,Vodafone,F,31,Karnataka,Delhi,630540,2020-01-01,4,21617,126,58,3623,0
648,Airtel,F,35,Karnataka,Mumbai,285670,2020-01-01,2,47980,178,58,9286,0
649,Airtel,M,46,West Bengal,Mumbai,536854,2020-01-01,1,95635,21,66,1185,0
650,Vodafone,F,34,Maharashtra,Bangalore,935687,2020-01-01,0,173777,118,14,7815,0
651,Vodafone,F,75,West Bengal,Bangalore,517238,2020-01-01,1,69157,13,32,4701,0
652,BSNL,F,27,Karnataka,Hyderabad,300180,2020-01-01,3,63915,44,1,1959,1
653,BSNL,F,63,Mizoram,Kolkata,321303,2020-01-01,2,161899,91,76,4090,0
654,Vodafone,M,36,Karnataka,Delhi,511782,2020-01-01,4,63353,118,31,4273,1
655,Vodafone,M,43,Tamil Nadu,Chennai,404351,2020-01-01,4,138664,171,42,5416,0
656,Airtel,M,62,Arunachal Pradesh,Chennai,424730,2020-01-01,1,176643,87,21,6603,0
657,Reliance Jio,M,42,Delhi,Kolkata,218856,2020-01-01,3,97266,154,50,1327,0
658,Vodafone,F,51,Delhi,Chennai,120577,2020-01-01,4,184551,102,96,9516,0
659,Vodafone,M,56,Tamil Nadu,Mumbai,943387,2020-01-01,1,56876,130,98,2359,0
660,Vodafone,M,37,Arunachal Pradesh,Bangalore,796193,2020-01-01,1,131178,63,73,5753,0
661,Vodafone,F,37,Arunachal Pradesh,Mumbai,525338,2020-01-01,2,127709,163,36,5823,0
662,Reliance Jio,F,36,Tamil Nadu,Hyderabad,932854,2020-01-01,0,24654,105,48,7088,0
663,Airtel,M,47,Mizoram,Kolkata,284022,2020-01-01,4,148068,52,45,7277,1
664,Reliance Jio,M,52,Maharashtra,Hyderabad,115273,2020-01-01,0,23659,75,0,4205,0
665,BSNL,F,22,Mizoram,Hyderabad,984556,2020-01-01,0,154724,6,6,4119,0
666,BSNL,M,74,Mizoram,Delhi,182180,2020-01-01,1,46210,56,8,3157,0
667,Airtel,F,28,Maharashtra,Chennai,770817,2020-01-01,2,76580,76,48,4117,0
668,Vodafone,F,76,Maharashtra,Mumbai,153652,2020-01-01,2,72757,151,87,4834,0
669,BSNL,M,18,Delhi,Mumbai,113269,2020-01-01,4,158371,157,26,3567,0
670,Reliance Jio,F,69,Tripura,Hyderabad,999437,2020-01-01,0,121989,154,80,5758,0
671,BSNL,M,67,Arunachal Pradesh,Kolkata,156212,2020-01-01,2,119545,148,90,4051,0
672,Airtel,M,65,Delhi,Bangalore,900824,2020-01-01,1,165099,45,4,3297,0
673,Vodafone,M,50,Tripura,Mumbai,492255,2020-01-01,2,177085,86,42,2350,0
674,Airtel,M,59,West Bengal,Chennai,833573,2020-01-01,4,31947,129,67,7986,0
675,Reliance Jio,F,53,Delhi,Hyderabad,779598,2020-01-01,1,117006,106,66,4504,0
676,Airtel,F,71,Karnataka,Hyderabad,347775,2020-01-01,2,196535,92,97,1300,0
677,BSNL,M,50,Arunachal Pradesh,Mumbai,479057,2020-01-01,1,27276,133,54,3904,0
678,BSNL,F,32,Maharashtra,Kolkata,820115,2020-01-01,4,24015,161,81,8957,0
679,Vodafone,F,18,Arunachal Pradesh,Kolkata,667259,2020-01-01,2,68031,2,20,2402,0
680,Airtel,F,19,Tripura,Delhi,923099,2020-01-01,1,65043,81,26,-179,0
681,Airtel,F,22,Mizoram,Delhi,562192,2020-01-01,0,162612,42,64,8157,0
682,Airtel,F,63,Tripura,Bangalore,191700,2020-01-01,2,88087,165,91,3206,0
683,Reliance Jio,M,18,Maharashtra,Chennai,117955,2020-01-01,3,43406,181,73,4973,0
684,BSNL,M,73,West Bengal,Delhi,607888,2020-01-01,2,42755,37,41,1481,0
685,BSNL,M,78,Tamil Nadu,Mumbai,504597,2020-01-01,1,155036,78,48,1636,0
686,Vodafone,M,40,Maharashtra,Kolkata,921428,2020-01-01,2,56387,75,44,7493,0
687,BSNL,F,56,Arunachal Pradesh,Bangalore,650228,2020-01-01,2,33218,139,92,6991,0
688,Reliance Jio,M,33,Karnataka,Delhi,210944,2020-01-01,1,89174,31,44,3638,0
689,Airtel,F,72,Delhi,Hyderabad,240882,2020-01-01,2,137599,27,24,7144,0
690,Reliance Jio,M,79,Tripura,Chennai,516449,2020-01-01,0,71244,179,41,1608,0
691,Airtel,M,18,Karnataka,Bangalore,912828,2020-01-01,4,64336,198,85,3452,0
692,BSNL,M,19,Delhi,Chennai,862996,2020-01-01,0,99782,69,91,6721,0
693,BSNL,M,23,Maharashtra,Delhi,574799,2020-01-01,1,170448,73,24,3028,0
694,BSNL,M,33,Tripura,Mumbai,819857,2020-01-01,1,196689,45,29,6524,1
695,Airtel,M,61,Delhi,Kolkata,376118,2020-01-01,1,53955,121,81,2881,0
696,Reliance Jio,M,54,Tamil Nadu,Delhi,620056,2020-01-01,0,64847,144,0,4923,0
697,Vodafone,M,26,Delhi,Hyderabad,825667,2020-01-01,2,95894,103,52,3166,0
698,Vodafone,F,59,Tamil Nadu,Chennai,299751,2020-01-01,0,121798,150,88,3934,0
699,Vodafone,F,22,West Bengal,Kolkata,542404,2020-01-01,4,153611,83,22,6839,0
700,Reliance Jio,M,74,Karnataka,Delhi,917390,2020-01-01,1,33471,68,19,4427,1
701,Vodafone,F,55,Tamil Nadu,Mumbai,947623,2020-01-01,2,71564,74,58,1614,0
702,Airtel,M,52,Mizoram,Mumbai,972311,2020-01-01,4,31346,3,25,234,0
703,BSNL,M,72,Tripura,Mumbai,254889,2020-01-01,0,108445,129,37,356,0
704,Airtel,F,75,Tamil Nadu,Bangalore,827037,2020-01-01,1,191514,82,46,3921,0
705,Airtel,F,49,Delhi,Hyderabad,315854,2020-01-01,1,130885,190,41,8335,0
706,Vodafone,M,53,Tripura,Delhi,470217,2020-01-01,4,92335,164,70,2570,0
707,BSNL,M,64,Mizoram,Bangalore,314485,2020-01-01,0,74788,148,55,1152,1
708,Airtel,M,66,Arunachal Pradesh,Mumbai,599552,2020-01-01,2,179407,108,57,5693,0
709,Vodafone,F,54,Delhi,Delhi,412343,2020-01-01,1,169937,68,40,8864,0
710,BSNL,M,59,Karnataka,Delhi,475312,2020-01-01,4,115110,37,77,8323,0
711,Vodafone,M,38,Karnataka,Kolkata,690063,2020-01-01,1,27564,64,33,1719,0
712,Vodafone,M,32,Tamil Nadu,Delhi,877651,2020-01-01,2,111153,98,87,2948,1
713,BSNL,M,39,Arunachal Pradesh,Hyderabad,370595,2020-01-01,0,155092,43,73,1640,1
714,Reliance Jio,F,31,Tripura,Delhi,944478,2020-01-01,0,180319,33,88,6361,0
715,Airtel,M,64,Delhi,Hyderabad,731108,2020-01-01,4,95417,61,59,4637,1
716,Vodafone,M,65,Karnataka,Bangalore,177449,2020-01-01,1,199302,0,48,8066,0
717,Airtel,M,69,Arunachal Pradesh,Hyderabad,818577,2020-01-01,3,88784,57,70,9072,1
718,Reliance Jio,F,44,Maharashtra,Delhi,997075,2020-01-01,0,50369,74,42,-207,0
719,BSNL,F,78,West Bengal,Kolkata,440605,2020-01-01,0,124674,80,11,6988,0
720,Vodafone,F,49,West Bengal,Hyderabad,699120,2020-01-01,3,58929,131,5,2285,0
721,Reliance Jio,M,52,Tripura,Delhi,648169,2020-01-01,3,142079,190,16,3008,0
722,Reliance Jio,M,69,Tripura,Hyderabad,505950,2020-01-01,1,125765,19,30,-332,0
723,BSNL,M,31,West Bengal,Chennai,196573,2020-01-01,3,51056,179,86,6258,1
724,BSNL,F,25,Arunachal Pradesh,Kolkata,337018,2020-01-01,2,150724,112,47,2432,0
725,Vodafone,F,50,Tripura,Bangalore,697384,2020-01-01,2,119943,175,69,-385,0
726,Vodafone,M,38,Tamil Nadu,Kolkata,852120,2020-01-01,3,116664,169,53,4626,0
727,Reliance Jio,F,54,Mizoram,Hyderabad,708449,2020-01-01,3,185465,5,94,4597,1
728,Vodafone,M,54,Mizoram,Bangalore,834942,2020-01-01,2,51233,115,12,1972,0
729,Reliance Jio,M,49,Tripura,Delhi,443795,2020-01-01,0,73714,175,5,7371,0
730,BSNL,F,18,Karnataka,Bangalore,273598,2020-01-01,1,23538,119,28,9279,0
731,Reliance Jio,M,21,Karnataka,Kolkata,661859,2020-01-01,2,76366,76,49,4174,0
732,Vodafone,F,47,Tamil Nadu,Delhi,609989,2020-01-01,0,20766,80,76,-16,0
733,Reliance Jio,M,38,Maharashtra,Hyderabad,686137,2020-01-01,1,84505,148,88,218,0
734,Reliance Jio,F,63,Tamil Nadu,Delhi,840672,2020-01-01,1,178657,41,16,8013,0
735,BSNL,F,47,Karnataka,Chennai,961123,2020-01-01,4,182486,120,44,5071,0
736,Airtel,F,66,Tripura,Delhi,761009,2020-01-01,1,158491,100,6,7429,1
737,Reliance Jio,F,61,Tripura,Kolkata,435813,2020-01-01,0,116424,171,3,4725,0
738,Vodafone,M,47,Maharashtra,Chennai,353072,2020-01-01,4,103343,78,36,9325,0
739,BSNL,M,39,Tamil Nadu,Mumbai,777283,2020-01-01,2,76699,197,12,6538,0
740,Reliance Jio,M,48,Tripura,Mumbai,458583,2020-01-01,2,129912,55,79,6302,1
741,Reliance Jio,M,79,Tamil Nadu,Hyderabad,528090,2020-01-01,0,63201,26,60,7402,0
742,Vodafone,F,73,Tamil Nadu,Bangalore,831781,2020-01-01,1,91988,19,47,1320,1
743,Reliance Jio,F,20,Arunachal Pradesh,Delhi,761686,2020-01-01,2,48315,140,14,7254,0
744,Vodafone,M,71,West Bengal,Hyderabad,421161,2020-01-01,3,106938,150,90,664,0
745,Airtel,F,40,Delhi,Kolkata,588026,2020-01-01,3,61307,192,44,2103,0
746,BSNL,F,22,Mizoram,Chennai,109504,2020-01-01,1,66123,75,77,6889,0
747,Reliance Jio,M,61,Tamil Nadu,Kolkata,535611,2020-01-01,3,110970,113,9,8093,0
748,Airtel,M,55,Tamil Nadu,Chennai,663568,2020-01-01,2,124501,30,46,2136,0
749,Vodafone,M,23,Arunachal Pradesh,Bangalore,490660,2020-01-01,4,20909,176,66,310,0
750,Airtel,M,50,Mizoram,Mumbai,618447,2020-01-01,3,152992,85,48,7986,0
751,BSNL,M,70,Maharashtra,Bangalore,479655,2020-01-01,3,24062,3,41,3645,0
752,Reliance Jio,M,67,Mizoram,Hyderabad,664988,2020-01-01,2,175109,179,84,4509,0
753,BSNL,F,73,Tamil Nadu,Hyderabad,661334,2020-01-01,4,180869,151,88,4400,1
754,Vodafone,M,18,Arunachal Pradesh,Chennai,127029,2020-01-01,3,109324,93,0,3876,0
755,Reliance Jio,F,25,Tamil Nadu,Hyderabad,884610,2020-01-01,2,155900,31,8,1812,0
756,BSNL,F,29,Delhi,Delhi,129594,2020-01-01,2,170773,198,96,4530,0
757,Vodafone,M,32,Maharashtra,Mumbai,215601,2020-01-01,4,72194,21,48,4426,0
758,Reliance Jio,M,51,Arunachal Pradesh,Bangalore,180950,2020-01-01,1,66257,3,45,9862,0
759,Airtel,M,38,Arunachal Pradesh,Kolkata,250357,2020-01-01,0,78655,61,20,1144,0
760,Reliance Jio,M,79,Karnataka,Hyderabad,893679,2020-01-01,0,153365,191,73,2079,0
761,BSNL,F,59,Tamil Nadu,Delhi,402666,2020-01-01,3,23308,30,43,2594,0
762,Reliance Jio,M,37,Tripura,Delhi,642373,2020-01-01,3,109203,189,31,17,0
763,Reliance Jio,F,51,Mizoram,Mumbai,671071,2020-01-01,3,114773,160,12,-229,0
764,BSNL,F,55,Arunachal Pradesh,Delhi,999010,2020-01-01,3,189339,184,69,3934,0
765,Airtel,F,50,Tamil Nadu,Delhi,519779,2020-01-01,1,133784,49,75,552,0
766,BSNL,F,34,Delhi,Hyderabad,264667,2020-01-01,1,99685,161,3,-155,0
767,Airtel,F,53,Tamil Nadu,Kolkata,978055,2020-01-01,2,161851,101,48,9742,0
768,BSNL,M,52,Arunachal Pradesh,Bangalore,252078,2020-01-01,3,103170,95,49,8140,0
769,Vodafone,M,32,Tripura,Delhi,447204,2020-01-01,3,139200,8,39,5155,1
770,Vodafone,F,41,Arunachal Pradesh,Bangalore,521650,2020-01-01,4,151231,145,89,8787,0
771,Reliance Jio,M,59,West Bengal,Hyderabad,447949,2020-01-01,3,177515,89,14,3852,1
772,Airtel,F,68,Delhi,Chennai,882980,2020-01-01,2,87506,82,51,6939,0
773,Reliance Jio,F,31,Delhi,Delhi,163397,2020-01-01,3,86879,17,32,5951,0
774,Vodafone,M,42,Delhi,Kolkata,335105,2020-01-01,0,198867,100,44,4989,0
775,Vodafone,F,42,West Bengal,Kolkata,890185,2020-01-01,1,157458,167,6,8842,0
776,Airtel,F,27,Tamil Nadu,Mumbai,320352,2020-01-01,1,78081,112,37,7287,0
777,Vodafone,F,22,Delhi,Mumbai,432609,2020-01-01,0,141996,70,23,2720,0
778,Vodafone,M,79,West Bengal,Kolkata,386738,2020-01-01,1,69292,137,74,8145,0
779,Airtel,F,50,Delhi,Mumbai,309983,2020-01-01,1,46995,60,32,8066,1
780,Airtel,F,64,West Bengal,Hyderabad,808039,2020-01-01,4,179006,74,55,5155,0
781,Reliance Jio,F,73,Tripura,Mumbai,986961,2020-01-01,1,93495,28,74,3316,0
782,Airtel,M,78,Maharashtra,Bangalore,806950,2020-01-01,3,71565,79,34,902,1
783,Vodafone,F,62,Tamil Nadu,Chennai,256351,2020-01-01,2,24975,162,95,9749,0
784,Vodafone,M,37,Mizoram,Bangalore,552557,2020-01-01,0,48353,96,54,2838,1
785,Vodafone,F,24,Tamil Nadu,Delhi,519355,2020-01-01,0,80146,36,72,2741,0
786,BSNL,M,68,Karnataka,Hyderabad,589901,2020-01-01,0,130384,93,27,835,0
787,Reliance Jio,F,42,Tripura,Bangalore,225194,2020-01-01,4,73629,8,80,9262,0
788,BSNL,M,48,Maharashtra,Hyderabad,996321,2020-01-01,0,76028,102,17,177,0
789,Airtel,F,75,Mizoram,Kolkata,313204,2020-01-01,3,61653,40,30,4313,0
790,Reliance Jio,F,70,Karnataka,Hyderabad,209467,2020-01-01,1,188591,24,1,7223,0
791,Airtel,M,18,Tamil Nadu,Chennai,297695,2020-01-01,1,106400,50,14,6271,0
792,Vodafone,F,50,Maharashtra,Mumbai,860012,2020-01-01,3,124364,197,37,-413,0
793,Vodafone,M,74,Delhi,Chennai,151144,2020-01-01,2,93967,142,11,3429,0
794,Reliance Jio,M,49,West Bengal,Delhi,731766,2020-01-01,2,98139,117,48,9315,0
795,Airtel,M,60,Delhi,Delhi,947366,2020-01-01,2,193915,55,73,-73,0
796,BSNL,F,41,West Bengal,Bangalore,610516,2020-01-01,2,34142,164,15,8433,0
797,Vodafone,F,60,Karnataka,Bangalore,211163,2020-01-01,1,52294,82,65,3619,0
798,Vodafone,F,73,Tripura,Delhi,844717,2020-01-01,0,150980,100,96,7009,1
799,Reliance Jio,F,78,Delhi,Hyderabad,945632,2020-01-01,1,51338,147,63,5839,0
800,Vodafone,F,20,Arunachal Pradesh,Delhi,925977,2020-01-01,0,199776,87,30,4432,0
801,Reliance Jio,F,68,Maharashtra,Kolkata,433083,2020-01-01,2,54832,112,87,2206,0
802,Airtel,F,65,Mizoram,Kolkata,986989,2020-01-01,2,192302,136,5,4149,0
803,Airtel,M,31,Arunachal Pradesh,Bangalore,277651,2020-01-01,1,134714,3,41,9959,0
804,BSNL,F,77,West Bengal,Bangalore,767085,2020-01-01,0,160393,12,89,8509,0
805,Vodafone,F,45,Tripura,Chennai,522790,2020-01-01,4,78896,129,65,1497,0
806,Reliance Jio,F,33,Delhi,Hyderabad,853126,2020-01-01,3,21395,37,11,8736,0
807,Airtel,M,25,Arunachal Pradesh,Chennai,647411,2020-01-01,0,133523,125,80,8009,0
808,Vodafone,M,69,Delhi,Delhi,435231,2020-01-01,4,114452,1,66,5781,1
809,Vodafone,F,24,West Bengal,Hyderabad,495671,2020-01-01,3,153973,75,95,8358,0
810,Reliance Jio,F,62,Maharashtra,Bangalore,701196,2020-01-01,3,81492,43,81,1257,0
811,BSNL,F,19,Maharashtra,Delhi,791717,2020-01-01,1,75906,140,82,912,0
812,BSNL,F,52,West Bengal,Delhi,234313,2020-01-01,2,101803,32,52,6299,0
813,Reliance Jio,M,76,Delhi,Chennai,634127,2020-01-01,3,105713,84,33,1607,0
814,Vodafone,M,63,Tamil Nadu,Bangalore,711160,2020-01-01,3,195919,60,20,429,0
815,Vodafone,M,51,Karnataka,Mumbai,646342,2020-01-01,1,106120,175,76,4846,0
816,Reliance Jio,F,19,Tripura,Kolkata,573250,2020-01-01,0,191775,96,74,7074,0
817,BSNL,F,32,West Bengal,Chennai,492076,2020-01-01,0,20761,57,6,5979,0
818,Airtel,M,51,Karnataka,Chennai,434849,2020-01-01,2,106032,7,68,9345,0
819,Airtel,M,78,Tamil Nadu,Kolkata,805437,2020-01-01,0,196291,177,20,1168,0
820,Vodafone,F,25,Arunachal Pradesh,Kolkata,171299,2020-01-01,0,169863,23,2,2975,0
821,BSNL,F,47,Maharashtra,Kolkata,394847,2020-01-01,2,101551,118,66,5407,0
822,Vodafone,F,31,West Bengal,Bangalore,692405,2020-01-01,2,72281,70,9,6588,0
823,Reliance Jio,M,67,Delhi,Chennai,353860,2020-01-01,0,133994,96,15,7453,0
824,Airtel,M,55,Delhi,Kolkata,145955,2020-01-01,1,117554,199,30,3460,0
825,BSNL,F,51,Arunachal Pradesh,Chennai,639809,2020-01-01,0,189734,48,64,1982,0
826,Vodafone,F,44,Karnataka,Kolkata,232291,2020-01-01,4,28367,133,5,5440,0
827,Reliance Jio,M,31,Tamil Nadu,Kolkata,483193,2020-01-01,2,55570,26,73,8512,0
828,Vodafone,M,73,Maharashtra,Mumbai,494164,2020-01-01,0,175764,84,67,-420,0
829,BSNL,M,29,Maharashtra,Mumbai,435459,2020-01-01,4,26134,17,11,5838,0
830,Vodafone,F,28,Tamil Nadu,Chennai,579593,2020-01-01,3,161912,53,88,5243,0
831,Airtel,F,68,Arunachal Pradesh,Hyderabad,176461,2020-01-01,0,43361,105,14,1707,1
832,Airtel,M,69,Delhi,Bangalore,819304,2020-01-01,0,113947,169,45,4790,0
833,BSNL,F,46,Mizoram,Kolkata,265239,2020-01-01,4,82436,84,42,7642,1
834,BSNL,M,32,Karnataka,Mumbai,273553,2020-01-01,2,110921,146,74,-177,0
835,Vodafone,M,26,Delhi,Hyderabad,607914,2020-01-01,3,84631,156,23,4115,1
836,Reliance Jio,F,19,Tripura,Mumbai,951729,2020-01-01,0,154188,196,66,7181,0
837,Airtel,M,59,Arunachal Pradesh,Hyderabad,256470,2020-01-01,2,127580,162,29,-106,1
838,Reliance Jio,F,43,Karnataka,Bangalore,591066,2020-01-01,3,101352,60,39,4697,0
839,Reliance Jio,F,19,Tripura,Kolkata,285800,2020-01-01,1,28558,35,19,2842,0
840,Airtel,F,21,Tripura,Chennai,331714,2020-01-01,3,58041,186,27,9297,0
841,Vodafone,F,79,Mizoram,Kolkata,344874,2020-01-01,0,181609,145,72,8328,0
842,Reliance Jio,F,40,Mizoram,Kolkata,187154,2020-01-01,0,176956,79,12,7554,0
843,Reliance Jio,M,47,Mizoram,Hyderabad,263193,2020-01-01,0,104670,68,94,8620,1
844,Airtel,F,71,Maharashtra,Mumbai,656065,2020-01-01,3,75040,159,90,5193,0
845,Vodafone,F,42,Maharashtra,Hyderabad,168322,2020-01-01,3,180642,98,94,8609,0
846,Reliance Jio,F,21,Tripura,Kolkata,485213,2020-01-01,1,187884,42,30,184,1
847,BSNL,M,36,West Bengal,Delhi,384840,2020-01-01,1,45142,114,76,5391,0
848,BSNL,M,54,Tripura,Mumbai,798970,2020-01-01,1,92121,86,43,2913,0
849,Airtel,M,22,Delhi,Bangalore,882486,2020-01-01,3,80718,109,32,4173,0
850,Reliance Jio,F,57,Mizoram,Kolkata,914906,2020-01-01,3,100318,33,35,9442,0
851,Airtel,M,66,West Bengal,Bangalore,793585,2020-01-01,0,172208,73,46,8759,0
852,Vodafone,M,18,Tamil Nadu,Bangalore,294882,2020-01-01,1,38080,194,26,7957,0
853,Reliance Jio,M,38,Tamil Nadu,Mumbai,520074,2020-01-01,0,38168,43,20,388,0
854,BSNL,F,28,Delhi,Delhi,553160,2020-01-01,2,88897,53,53,3348,0
855,Reliance Jio,M,32,West Bengal,Bangalore,138650,2020-01-01,3,159758,193,0,1375,0
856,Reliance Jio,F,61,Mizoram,Kolkata,479875,2020-01-01,0,72477,11,64,-14,1
857,Vodafone,F,69,Tripura,Hyderabad,596424,2020-01-01,3,131230,70,0,1690,0
858,Vodafone,M,78,Karnataka,Chennai,178990,2020-01-01,1,185720,52,3,5773,0
859,Vodafone,F,27,Tamil Nadu,Bangalore,548107,2020-01-01,1,109046,60,89,2265,1
860,Vodafone,F,38,Tamil Nadu,Chennai,885569,2020-01-01,4,27192,110,77,2669,0
861,Vodafone,F,65,Mizoram,Kolkata,272068,2020-01-01,4,73472,199,23,7604,0
862,Vodafone,F,58,Mizoram,Delhi,601070,2020-01-01,0,155216,31,1,-445,0
863,Airtel,M,78,Delhi,Kolkata,235753,2020-01-01,1,54938,123,79,7113,0
864,Vodafone,M,32,Mizoram,Chennai,523483,2020-01-01,1,173663,172,75,9791,0
865,Airtel,M,18,Tamil Nadu,Kolkata,375981,2020-01-01,0,119490,174,96,2931,0
866,BSNL,M,24,West Bengal,Hyderabad,917818,2020-01-01,4,63752,149,23,621,0
867,Vodafone,F,43,Mizoram,Hyderabad,250631,2020-01-01,2,52743,129,12,1927,1
868,Reliance Jio,M,75,Delhi,Bangalore,324568,2020-01-01,2,110008,6,21,8862,0
869,Vodafone,M,76,Maharashtra,Mumbai,167755,2020-01-01,4,91408,160,41,8150,0
870,Vodafone,M,40,Tripura,Bangalore,478684,2020-01-01,1,135057,12,6,4896,1
871,Airtel,M,30,Mizoram,Mumbai,693986,2020-01-01,1,80684,141,65,8041,0
872,Reliance Jio,F,47,Maharashtra,Delhi,689804,2020-01-01,4,190034,182,58,6040,0
873,Reliance Jio,M,77,Delhi,Delhi,906222,2020-01-01,3,152778,60,17,2725,0
874,Vodafone,M,51,Karnataka,Bangalore,622202,2020-01-01,3,113708,101,85,2271,0
875,Airtel,F,24,Delhi,Kolkata,210619,2020-01-01,4,132840,46,40,795,1
876,BSNL,M,69,Karnataka,Chennai,907106,2020-01-01,0,73775,108,77,5595,1
877,Airtel,M,38,Mizoram,Chennai,303474,2020-01-01,4,144004,62,71,-58,1
878,Vodafone,M,68,Tamil Nadu,Chennai,614578,2020-01-01,1,186554,83,43,4199,0
879,BSNL,F,51,Tamil Nadu,Delhi,471964,2020-01-01,1,185950,30,24,8268,0
880,Reliance Jio,F,70,Karnataka,Hyderabad,525528,2020-01-01,4,111076,70,15,2960,0
881,BSNL,M,21,Tripura,Kolkata,491960,2020-01-01,4,191091,12,22,1819,0
882,Reliance Jio,M,43,Tripura,Delhi,884104,2020-01-01,0,152942,37,38,4068,1
883,BSNL,M,53,West Bengal,Mumbai,185738,2020-01-01,0,43509,173,24,-465,0
884,Airtel,M,54,Tripura,Mumbai,282603,2020-01-01,4,147748,42,67,542,0
885,Airtel,M,45,West Bengal,Hyderabad,730342,2020-01-01,2,98815,130,5,4002,0
886,Reliance Jio,M,61,Karnataka,Kolkata,501573,2020-01-01,4,139565,199,31,6997,1
887,Vodafone,F,68,Tripura,Bangalore,938115,2020-01-01,3,156020,87,87,9991,0
888,BSNL,F,20,Tamil Nadu,Chennai,814894,2020-01-01,3,43624,134,40,3287,0
889,Reliance Jio,M,54,Karnataka,Bangalore,302521,2020-01-01,4,187540,118,57,2731,1
890,Airtel,F,62,West Bengal,Delhi,403383,2020-01-01,3,118696,49,60,963,0
891,Vodafone,F,63,Tripura,Kolkata,301287,2020-01-01,4,118133,72,48,423,0
892,Airtel,F,64,Mizoram,Bangalore,901756,2020-01-01,0,33351,194,85,3763,0
893,Reliance Jio,M,34,Mizoram,Kolkata,776473,2020-01-01,4,54694,1,94,1782,0
894,Reliance Jio,M,41,Tamil Nadu,Mumbai,857242,2020-01-01,3,24052,88,75,7652,0
895,Vodafone,M,53,Tamil Nadu,Hyderabad,329943,2020-01-01,2,130315,126,14,2791,0
896,BSNL,F,78,Arunachal Pradesh,Mumbai,712556,2020-01-01,0,133753,187,82,1375,1
897,BSNL,F,24,Karnataka,Kolkata,536738,2020-01-01,4,135736,29,26,3474,0
898,Reliance Jio,F,60,Arunachal Pradesh,Kolkata,143132,2020-01-01,4,45094,124,18,5228,0
899,BSNL,M,56,Tamil Nadu,Bangalore,394746,2020-01-01,4,102707,31,70,9919,0
900,Airtel,M,43,Mizoram,Hyderabad,268985,2020-01-01,0,148901,78,24,5510,0
901,Airtel,F,23,Mizoram,Hyderabad,932744,2020-01-01,4,72621,66,66,7208,0
902,Airtel,M,49,Arunachal Pradesh,Hyderabad,101481,2020-01-01,2,178034,113,27,2304,0
903,Reliance Jio,F,30,Karnataka,Bangalore,870391,2020-01-01,4,142362,126,16,20,0
904,Reliance Jio,M,77,Tamil Nadu,Chennai,962354,2020-01-01,0,58025,166,38,4784,0
905,BSNL,F,69,Mizoram,Bangalore,796496,2020-01-01,2,67143,31,30,6730,0
906,Vodafone,M,25,Tripura,Bangalore,381632,2020-01-01,3,96317,189,29,3090,1
907,BSNL,F,54,Arunachal Pradesh,Delhi,705048,2020-01-01,0,73625,80,95,3973,0
908,Reliance Jio,F,20,Delhi,Chennai,809892,2020-01-01,1,85896,141,45,6944,1
909,Airtel,F,22,Arunachal Pradesh,Chennai,455865,2020-01-01,3,107913,70,47,8343,1
910,Airtel,F,19,Maharashtra,Delhi,786246,2020-01-01,4,106584,88,97,9931,0
911,Vodafone,F,33,Arunachal Pradesh,Kolkata,813950,2020-01-01,3,107743,140,91,6496,0
912,Reliance Jio,M,70,Tripura,Mumbai,210735,2020-01-01,3,84582,13,21,9774,0
913,Vodafone,F,42,Maharashtra,Chennai,542488,2020-01-01,3,198926,33,30,6350,0
914,BSNL,M,18,Arunachal Pradesh,Mumbai,283915,2020-01-01,2,94142,62,43,6175,1
915,BSNL,F,58,Arunachal Pradesh,Bangalore,794933,2020-01-01,0,199801,197,97,-445,0
916,Vodafone,F,20,Mizoram,Mumbai,568983,2020-01-01,1,73274,191,96,5967,0
917,BSNL,F,76,Arunachal Pradesh,Mumbai,840892,2020-01-01,0,168997,170,35,5743,0
918,Airtel,F,50,Delhi,Bangalore,570605,2020-01-01,4,63389,25,24,2888,0
919,Airtel,M,79,Tamil Nadu,Delhi,833457,2020-01-01,1,191043,179,94,1989,0
920,Reliance Jio,M,58,Maharashtra,Delhi,986387,2020-01-01,2,101802,128,46,1867,0
921,Airtel,F,28,Mizoram,Chennai,342547,2020-01-01,2,133675,13,83,4289,0
922,BSNL,M,20,Tamil Nadu,Mumbai,416996,2020-01-01,2,91635,155,98,-48,0
923,Airtel,F,76,Mizoram,Mumbai,323890,2020-01-01,1,182744,137,38,7717,1
924,Airtel,F,75,Tamil Nadu,Delhi,331081,2020-01-01,4,160087,12,18,728,0
925,Airtel,F,36,Arunachal Pradesh,Kolkata,751044,2020-01-01,3,197910,98,79,1801,0
926,Reliance Jio,M,47,West Bengal,Chennai,749200,2020-01-01,2,187068,63,34,4502,0
927,Reliance Jio,M,55,Mizoram,Mumbai,241721,2020-01-01,3,173731,166,39,695,0
928,Airtel,F,71,Tripura,Delhi,888101,2020-01-01,0,66896,79,10,5329,0
929,Vodafone,F,47,Delhi,Hyderabad,978727,2020-01-01,2,43311,34,24,1441,0
930,Reliance Jio,F,69,Mizoram,Mumbai,865541,2020-01-01,1,22683,196,93,4573,1
931,Reliance Jio,M,26,West Bengal,Kolkata,849243,2020-01-01,1,85820,7,13,242,0
932,BSNL,M,22,Mizoram,Kolkata,518129,2020-01-01,2,59662,101,35,8732,0
933,BSNL,F,65,Tamil Nadu,Kolkata,706873,2020-01-01,4,149048,163,28,1392,0
934,Airtel,F,49,Maharashtra,Bangalore,937413,2020-01-01,3,123364,18,8,3795,1
935,BSNL,M,25,Delhi,Chennai,167636,2020-01-01,3,162777,91,20,8423,0
936,Reliance Jio,F,77,Mizoram,Mumbai,935715,2020-01-01,4,110429,106,92,9248,0
937,Airtel,M,35,Tamil Nadu,Hyderabad,676270,2020-01-01,0,196122,44,77,9461,0
938,Reliance Jio,M,62,Mizoram,Chennai,327081,2020-01-01,2,187702,132,71,1711,0
939,Reliance Jio,F,34,Mizoram,Chennai,735755,2020-01-01,4,88562,101,55,8757,0
940,Reliance Jio,M,31,Tripura,Delhi,560126,2020-01-01,1,134324,63,64,2199,0
941,BSNL,F,42,Mizoram,Hyderabad,602477,2020-01-01,3,116436,5,75,5662,0
942,Vodafone,M,30,Tripura,Bangalore,656789,2020-01-01,1,171237,162,83,9679,1
943,Airtel,F,27,Arunachal Pradesh,Delhi,897906,2020-01-01,1,194506,199,11,1147,1
944,Airtel,M,71,Delhi,Chennai,540915,2020-01-01,4,141408,75,86,6817,0
945,BSNL,F,73,Arunachal Pradesh,Bangalore,862682,2020-01-01,4,90737,87,97,2064,0
946,BSNL,M,29,Arunachal Pradesh,Kolkata,997560,2020-01-01,4,199887,149,55,864,0
947,Vodafone,M,28,Mizoram,Bangalore,607618,2020-01-01,4,130183,107,79,6572,0
948,Vodafone,F,70,Delhi,Bangalore,583531,2020-01-01,0,106556,29,93,2925,0
949,BSNL,F,58,Maharashtra,Chennai,865259,2020-01-01,0,54087,42,42,-359,1
950,Reliance Jio,F,26,Mizoram,Delhi,474361,2020-01-01,3,94896,175,21,7086,0
951,Reliance Jio,M,24,Karnataka,Hyderabad,169707,2020-01-01,3,175895,175,36,1940,1
952,BSNL,F,36,Mizoram,Chennai,110359,2020-01-01,3,83593,163,35,9580,0
953,Vodafone,F,59,Mizoram,Mumbai,713482,2020-01-01,1,83882,76,80,5747,0
954,BSNL,M,24,Tripura,Chennai,529620,2020-01-01,0,54219,33,50,5492,0
955,BSNL,M,54,Tamil Nadu,Delhi,990256,2020-01-01,0,179635,145,16,3114,0
956,BSNL,M,35,Tamil Nadu,Delhi,943097,2020-01-01,1,185222,193,65,696,0
957,BSNL,F,54,Tamil Nadu,Bangalore,703647,2020-01-01,0,104776,128,56,3292,0
958,Vodafone,F,33,Delhi,Kolkata,820509,2020-01-01,4,117382,19,77,-238,0
959,Airtel,M,44,Mizoram,Chennai,880959,2020-01-01,1,87042,112,85,4517,0
960,Airtel,F,56,Maharashtra,Chennai,750957,2020-01-01,3,189390,79,31,1651,0
961,Airtel,F,57,Tripura,Mumbai,272766,2020-01-01,2,98017,182,22,431,1
962,Vodafone,F,59,Arunachal Pradesh,Bangalore,334765,2020-01-01,4,173446,9,20,9723,1
963,Airtel,F,69,Delhi,Hyderabad,343494,2020-01-01,1,61348,21,68,6098,0
964,Airtel,M,67,Delhi,Chennai,575884,2020-01-01,0,154542,104,66,9908,0
965,Reliance Jio,F,79,Karnataka,Chennai,304278,2020-01-01,3,168607,110,81,2840,0
966,BSNL,M,27,Mizoram,Bangalore,465884,2020-01-01,2,149377,87,92,1943,0
967,BSNL,F,66,Karnataka,Bangalore,838257,2020-01-01,2,178736,63,22,5215,0
968,Reliance Jio,M,74,Delhi,Kolkata,709858,2020-01-01,2,189409,189,33,3497,1
969,Airtel,F,38,Arunachal Pradesh,Hyderabad,525984,2020-01-01,2,39410,42,32,7328,0
970,Airtel,F,40,Mizoram,Bangalore,236959,2020-01-01,2,112231,103,4,5880,0
971,BSNL,F,47,Maharashtra,Chennai,798725,2020-01-01,1,20933,93,16,3416,0
972,Vodafone,F,44,Delhi,Kolkata,198004,2020-01-01,1,114305,45,10,929,0
973,BSNL,M,22,West Bengal,Mumbai,144392,2020-01-01,1,109751,178,15,2389,0
974,Reliance Jio,M,23,Arunachal Pradesh,Mumbai,492948,2020-01-01,2,139019,91,8,7480,0
975,Vodafone,M,51,Arunachal Pradesh,Delhi,644725,2020-01-01,0,117535,195,53,7576,1
976,Reliance Jio,M,41,Mizoram,Chennai,208918,2020-01-01,2,111121,8,62,5007,0
977,Reliance Jio,F,44,Delhi,Hyderabad,106409,2020-01-01,1,83519,75,83,6914,0
978,Airtel,M,35,Karnataka,Chennai,600783,2020-01-01,2,145624,177,29,-83,0
979,Airtel,M,48,Tamil Nadu,Kolkata,293377,2020-01-01,4,97519,40,95,7512,1
980,Vodafone,F,76,Mizoram,Hyderabad,487080,2020-01-01,3,132244,112,53,4608,0
981,BSNL,M,74,Mizoram,Bangalore,418156,2020-01-01,3,128050,88,40,1190,0
982,BSNL,F,75,Tamil Nadu,Delhi,210600,2020-01-01,2,62680,45,82,8973,0
983,Airtel,M,22,Tamil Nadu,Delhi,191900,2020-01-01,3,145972,87,58,841,1
984,Reliance Jio,M,44,Tamil Nadu,Mumbai,971664,2020-01-01,1,49961,80,93,-373,0
985,Airtel,M,59,Arunachal Pradesh,Hyderabad,160371,2020-01-01,1,184682,80,83,1164,0
986,Airtel,F,78,Maharashtra,Hyderabad,474402,2020-01-01,3,44355,164,50,6882,0
987,BSNL,M,54,Tripura,Delhi,227135,2020-01-01,3,165271,154,60,3650,0
988,Vodafone,F,29,Arunachal Pradesh,Bangalore,275018,2020-01-01,1,84390,141,69,6348,0
989,BSNL,F,49,Arunachal Pradesh,Mumbai,276549,2020-01-01,2,57570,57,10,294,0
990,Reliance Jio,F,69,Mizoram,Delhi,870649,2020-01-01,3,106432,74,37,154,0
991,Vodafone,F,37,West Bengal,Mumbai,347606,2020-01-01,0,99483,154,80,7070,1
992,Airtel,M,58,Tamil Nadu,Mumbai,592212,2020-01-01,4,164065,76,31,746,1
993,Airtel,M,62,Tripura,Mumbai,862682,2020-01-01,0,66470,20,7,7319,0
994,Vodafone,F,79,Mizoram,Kolkata,331108,2020-01-01,3,85845,35,10,8600,0
995,Vodafone,M,28,Karnataka,Chennai,106224,2020-01-01,0,132108,114,94,9790,1
996,BSNL,M,70,Arunachal Pradesh,Mumbai,952879,2020-01-01,4,81189,162,26,7544,0
997,BSNL,M,59,West Bengal,Mumbai,878678,2020-01-01,2,47026,188,37,2539,0
998,Reliance Jio,M,36,Mizoram,Delhi,739526,2020-01-01,3,105465,50,32,2832,0
999,Reliance Jio,F,19,Arunachal Pradesh,Mumbai,534708,2020-01-01,1,122075,130,70,7200,0
1000,Vodafone,M,30,Karnataka,Kolkata,184488,2020-01-01,4,192647,166,9,9143,0
